Question,Category,Difficulty Fariha,Difficulty Arean,A,B,C,D,Answer
সিরাজউদ্দৌলাকে কে হত্যা করে?,History,1,1,মীরন,মীর জাফর,মোহাম্মদী বেগ,লর্ড ক্লাইভ,C
বাবর উপমহাদেশে মুঘল সাম্রাজ্যের প্রতিষ্ঠা করেন -,History,1,1,১৫১৬ সালে,১৫২২ সালে,১৫২৬ সালে,১৫২৮ সালে,C
ফরাসিরা চন্দননগর নামক স্থানটি কিনে নেয় কেন?,History,1,1,স্থানটি সুন্দর বলে,সাম্রাজ্য বিস্তারের জন্য,বাণিজ্যিক কার্যক্রম সম্প্রসারিত করাতে,ধর্মীয় কারণে উদ্বুদ্ধ হয়ে,C
কোন পর্তুগিজ নাবিক প্রথম সমুদ্রপথে ভারতীয় উপমহাদেশে আসেন?,History,1,1,ভাস্কো-ডা-গামা,ক্যাপ্টেন হকিন্স,স্যার টমাস রো,জব চার্নক,A
স্বাধীনতা যুদ্ধে অবদানের জন্য 'বীরপ্রতীক' উপাধি লাভ করে কতজন?,History,1,1,৭ জন,৬৮ জন,১৭৫ জন,৪২৬ জন,D
'ছয়-দফা' দফা কোন তারিখে আনুষ্ঠুপক্াবে খোষণা করা হয়েছিল?,History,1,1,২১ ফেব্রুয়ারি ১৯৫৪,২২ মার্চ ১৯৫৮,২০ এপ্রিল ১৯৬২,২৩ মার্চ ১৯৬৬,B
মুজিবনগর সরকারের প্রধানমন্ত্রীর নাম কী?,History,1,1,এ. কে খোন্দকার,সৈয়দ নজরুল ইসলাম,তাজউদ্দিন আহমদ,মনসুর আলী,C
‘ইতিহাস’ শব্দটির সন্ধি বিচ্ছেদ কোনটি?,History,1,1,ইতি + হাস,ইতিহ + আস,ইতিহ + হাস,ইতি + আস,B
ঢাকার কোন স্থানের জনসভায় শেখ মুজিবুর রহমানকে ‘বঙ্গবন্ধু’ উপাধিতে ভূষিত করা হয়?,History,1,1,রেসকোর্স ময়দানে,ঢাকা বিশ্ববিদ্যালয়ে,ভিক্টোরিয়া পার্কে,লালবাগ কেল্লায়,A
"১৯৫২ সালের ২১ ফেব্রুয়ারি তারিখে বুকের রক্ত দিয়ে মাতৃভাষার মান রক্ষা করেন শহীদ জব্বার, রফিক, বরকত, সালাম; ঐ দিনটি ছিল ফাল্গুন মাসের?",History,1,1,৬ তারিখ,৮ তারিখ,১০ তারিখ,১২ তারিখ,B
কোন সালে পাকিস্তানে প্রথম সামরিক শাসন জারি হয়?,History,1,1,১৯৫৪,১৯৫৬,১৯৫৮,১৯৬২,C
বঙ্গবন্ধু লন্ডন থেকে কোথায় আসেন?,History,1,1,দিল্লি,ঢাকা,কলকাতা,করাচি,A
বাংলাদেশ ১৯৭১ সালের কত তারিখে স্বাধীনতা অর্জন করে?,History,1,1,২১ ফেব্রুয়ারি,১৫ ডিসেম্বর,১৬ ডিসেম্বর,২৬ মার্চ,D
আওয়ামী মুসলিম লীগের জন্ম হয় কখন?,History,1,1,১৯৪৮ সালের ৪ জানুয়ারি,১৯৪৯ সালের ২৩ জুন,১৯৫২ সালের ২৬ ফেব্রুয়ারি,১৯৫২ সালের ২৮ ফেব্রুয়ারি,B
দ্বিতীয় বিশ্বযুদ্ধের সূত্রপাত কে ঘটিয়েছিল?,History,1,1,জার্মানি,ফ্রান্স,রাশিয়া,ব্রিটেন,A
স্বদেশী আন্দোলন পরিচালিত হয়েছিল কাদের বিরুদ্ধে?,History,1,1,মুসলিম লীগের বিরুদ্ধে,কংগ্রেসের বিরুদ্ধে,ব্রিটিশ সরকারের বিরুদ্ধে,মুসলিম লীগ ও ব্রিটিশের বিরুদ্ধে,C
বাংলাদেশের ইতিহাসে যে ঘটনাটি আগে ঘটেছিল -,History,1,1,যুক্তফ্রন্ট গঠন,ভাষা আন্দোলন,আগরতলা ষড়যন্ত্র মামলা,আওয়ামী মুসলিম লীগের প্রতিষ্ঠা,D
স্বৈরাচারী শাসনের পতন ঘটে কত সালে?,History,1,1,১৯৭৫ সালে,১৯৭৯ সালে,১৯৮২ সালে,১৯৯০ সালে,D
ইংরেজদের ঘোষিত 'বঙ্গভঙ্গ একটি প্রতিষ্ঠিত ঘটনা'-এর ভঙ্গ হয় কার মাধ্যমে?,History,1,1,লর্ড কার্জন,ওয়ারেন হেস্টিংস,লর্ড হার্ডিঞ্জ,পঞ্চম জর্জ,D
ঢাকায় গণহত্যা শুরু হয় কী নামে?   ,History,1,1,অপারেশন সার্চলাইট,অপারেশন রেবল হান্ট,অপারেশন ক্লিনহার্ট,অপারেশন ডেজার্ট স্ট্রম,A
১৫ আগস্টের খুনিচক্র কার পরামর্শে ঢাকা ছাড়ে?,History,2,2,জিয়াউর রহমান,এইচ এম এরশাদ,জেনারেল ওসমানী,খোন্দকার মোশতাক,C
ইংরেজরা মীরজাফরকে ক্ষমতাচ্যুত করেন কেন?,History,2,2,মীরজাফরের অযোগ্যতার কারণে,মীরজাফরের সামরিক শক্তিতে ভীত হয়ে,ইংরেজদের বাণিজ্য বন্ধ করার কারণে,ইংরেজদের সাথে চুক্তি ভঙ্গ করার কারণে,A
কত খ্রিষ্টাব্দে হাজী শরীয়তউল্লাহ জন্মগ্রহণ করেন?,History,2,2,1780,1781,1782,1783,C
বীরশ্রেষ্ঠ ক্যাপ্টন মহিউদ্দিন জাহাঙ্গীর কোথায় জন্মগ্রহণ করেন ?,History,2,2,রাজশাহী,ফরিদপুর,বগুড়া,বরিশাল,D
স্বাধীন বাংলা ছাত্র সংগ্রাম পরিষদ গঠন হয় কত খ্রিষ্টাব্দে?,History,2,2,"১ মার্চ, ১৯৭০","২ মার্চ, ১৯৭০","৩ মার্চ, ১৯৭০","১ ফেব্রুয়ারি, ১৯৭১",A
শ্রী চৈতন্যের আবির্ভাব ঘটেছিল যে সুলতানের শাসনামলে -,History,2,2,আলাউদ্দিন হুসেন শাহ্‌,নাসিরউদ্দিন মাহমুদ শাহ্‌,গিয়াস উদ্দিন ইওজ খলজি,নুসরত শাহ্‌,A
প্রথমে পাঁচসালা বন্দোবস্ত চালু করেন কে?,History,2,2,লর্ড ক্লাইভ,লর্ড কর্নওয়ালিস,লর্ড কার্জন,ওয়ারেন হেস্টিংস,D
বাংলাদেশের প্রথম অস্থায়ী রাজধানীর নাম কি?,History,2,2,ঢাকা,মেহেরপুর,চট্টগ্রাম,মুজিবনগর,D
ইংরেজরা মীরকাশিমকে হাতের পুতুল বানাতে সক্ষম হয়নি কেন?,History,2,2,মীরকাশিমের গোপন সেনাবাহিনী ছিল,ইংরেজদের বিরুদ্ধে লড়ার শক্তি ছিল,তিনি স্বাধীনচেতা ছিলেন,তিনি প্রতিশোধপরায়ণ ছিলেন,C
কোন ইংরেজ শাসক দুই মেয়াদে বাংলার গভর্নর হয়েছিল?;,History,2,2,হেনরি ভেনসিটার্ট,রজার ড্রেক,জন কার্ডিয়ার,রবার্ট ক্লাইভ,D
কার সময় বাংলার রাজধানী ঢাকায় স্থাপন করা হয় ?,History,2,2,বখতিয়ার খিলজিক,মুর্শিদকুলী খাঁ,সম্রাট জাহাঙ্গীর,শেরশাহ,C
‘পূর্ব বাংলা ভাষা কমিটি’ কত খ্রিষ্টাব্দে গঠিত হয়?,History,2,2,1944,1948,1949,1950,C
ফরায়েজী আন্দলনের প্রধান কেন্দ্র ছিল কোন জেলা?,History,2,2,ফরিদপুর,শরিয়তপুর,খুলনা,যশোর,A
মোশতাকের সময়ে সেনাবাহিনীর প্রধান কে ছিলেন?,History,2,2,মনসুর আলী,কে এম শফিউল্লাহ,জিয়াউর রহমান,তাজউদ্দিন আহমদ,B
৬ দফা দাবী পেশ করা হয়ঃ,History,2,2,১৯৭০ সালে,১৯৬৬ সালে,১৯৬৫ সালে,১৯৬৯ সালে,B
কোন জাতির আক্রমণে গুপ্ত সাম্রাজ্য ভেঙে পড়ে?,History,2,2,আর্য জাতি,আরাকান জাতি,মঙ্গোলীয় জাতি,হুন জাতি,D
দ্বৈতশাসনের ফলে বাংলায় কী প্রভাব পড়ে?,History,2,2,সমাজব্যবস্থা ধ্বংস হয়ে যায়,খাদ্যশস্য উৎপাদন বেড়ে যায়,ভয়াবহ দুর্ভিক্ষ সৃষ্টি হয়,প্রশাসন ব্যবস্থা ধ্বংস হয়ে যায়,C
কত তারিখে দ্বিতীয় বারের মতো রাষ্ট্রভাষা সংগ্রাম পরিষদ গঠিত হয়?,History,2,2,২ মার্চ,৩ মার্চ,৪ মার্চ,৫ মার্চ,A
পর্তুগিজরা বাংলাদেশে কী নামে পরিচিত?,History,2,2,হার্মাদ,বর্গী,ফিরিঙ্গি,জলদস্যু,D
'মাৎস্যন্যায়' বাংলার কোন সময়কাল নির্দেশ করে?,History,2,2,৫ম-৬ষ্ঠ শতক,৬ষ্ঠ -৭ম শতক,৭ম-৮ম শতক,৮ম-৯ম শতক,C
কাশিমবাজার বালাসোরে কুঠি স্থাপন করে কারা?,History,3,3,ফরাসিরা,ডাচরা,ইংরেজরা,দিনেমাররা,A
মুজিবনগর সরকারের অর্থমন্ত্রী ছিলেন -,History,3,3,অধ্যাপক ইউসুফ আলী,কামরুজ্জামান,তাজউদ্দিন আহমেদ,ক্যাপ্টেন মনসুর আলী,D
ভারতের কোন যুদ্ধে প্রথম কামানের ব্যবহার হয় ?,History,3,3,পলাশীর যুদ্ধে,চৌসারের যুদ্ধে,পানিপথের প্রথম যুদ্ধে,পানিপথের দ্বিতীয় যুদ্ধে,C
কাগমারী সম্মেলন অনুষ্ঠিত হয় ?,History,3,3,রোজ গার্ডেনে,সিরাজগঞ্জে,সন্তোষে,সুনামগঞ্জে,C
নওয়াব আব্দুল লতিফ সরকারি চাকরি থেকে অবসর গ্রহণ করেন কত খ্রিষ্টাব্দে?;,History,3,3,1880,;১৮৮২,1883,1884,D
ব্রিটিশ সরকার কত খ্রিষ্টাব্দে ইন্ডিগো কমিশন গঠন করেন?,History,3,3,1859,1860,1861,1862,C
কার শাসনামলে বারাণসীতে বৌদ্ধমন্দির নির্মাণ করা হয়?,History,3,3,দেবপাল,রামপাল,মহীপাল,দ্বিতীয় বিগ্রহপাল,C
রবার্ট ক্লাইভ অযোধ্যার পরাজিত নবাবের কাছ থেকে কত টাকা ক্ষতিপূরণ আদায় করেন?,History,3,3,৪০ লাখ,৫০ লাখ,৬০ লাখ,৭০ লাখ,B
পর্তুগিজ → ওলন্দাজ → দিনেমার → ইংরেজ → (?)। (?) চিহ্নিত স্থানে কোনটি বসবে?;,History,3,3,ফরাসি,আরবির,চীনা,জাপানি,A
নিখিল ভারত মুসলিম লীগ প্রতিষ্ঠিত হয় কোন শহরে -,History,3,3,ফরিদপুর,ঢাকায়,করাচিতে,কোলকাতায়,B
পাকিস্তান সেনাবাহিনী ও তাদের এদেশীয় দোসররা কত লক্ষ বসতবাড়ি জ্বালিয়ে দেয়?,History,3,3,প্রায় ৪৩,প্রায় ৪৪,প্রায় ৪৫,প্রায় ৪৬,A
"কাকে ""প্রাচীন ভারতের নেপোলিয়ন' বলা হয়?",History,3,3,সম্রাট আকবর,দ্বিতীয় চন্দ্রগুপ্ত,সমুদ্রগুপ্ত,চন্দ্রগুপ্ড,C
হুন জাতি কোন শতকে গুপ্ত সাম্রাজ্য আক্রমণ করে?,History,3,3,দ্বিতীয়,তৃতীয়,চতুর্থ,পঞ্চম,D
মাষ্টারদা সূর্যসেনের ফাঁসি কার্যকর হয়েছিল কোথায়?,History,3,3,মেদিনীপুরে,ব্যারাকপুরে,চট্টগ্রামে,আন্দামানে,C
প্রাচীন সভ্যতায় মিশরীয়দের অবদান-  i. ধর্মীয় চিন্তায় ii. শিল্পে iii. লিখন পদ্ধতিতে নিচের কোনটি সঠিক?,History,3,3,i ও ii,i ও iii,ii ও iii,"i, ii ও iii",D
দিনেমাররা কোন দেশের অধিবাসী?,History,3,3,নরওয়ের,ডেনমার্কের,আফ্রিকার,মিশরের,B
ব্রিটিশ পার্লামেন্টে 'ভারত শাসন আইন' পাস হয় -,History,3,3,১৭৮৪,১৭৮৬,১৭৭৩,১৭৯০,A
পাকিস্তানকে গোলাবারুদ সরবরাহ না করতে বিভিন্ন সরকারের কাছে আবেদন করেছে কারা?,History,3,3,জনসাধারণ,গণমাধ্যম,প্রবাসী বাঙালি,পেশাজীবী,C
কত সালে জিন্নাহর চৌদ্দ দফা দাবি পেশ করা হয়?,History,3,3,১৯২৭ সালে,১৯২৮ সালে,১৯২৯ সালে,১৯৩০ সালে,C
হরিকেল জনপদটির বৈশিষ্ট্য হিসেবে কোনটি প্রযোজ্য?,History,3,3,মুসলিম অধ্যুষিত,খণ্ড রাজ্য,স্বতন্ত্র রাজ্য,অনুর্বর রাজ্য,C
ইতিহাসের পরিসর বিশ্লেষণ করলে পাওয়া যায়- i. বৈজ্ঞানিক পদ্ধতি ii. গবেষণার বিষয়বস্তু iii. নতুন নতুন বিষয় অন্তর্ভুক্তি নিচের কোনটি সঠিক?,History,4,4,i ও ii,i ও iii,ii ও iii,"i, ii ও iii",D
দীর্ঘ এক শতাব্দী পরেও রাহাতের ইতিহাস শিক্ষক মনে করেন বঙ্গভঙ্গ এ অঞ্চলের জন্যে সুখকর ছিল। তার বিবেচিত বিষয় হলো - i. হিন্দু-মুসলিম সাম্প্রদায়িক ভিন্নতা ii. বঙ্গভঙ্গের সাত বছরে এ অঞ্চলের উন্নয়ন ii. চাকরিতে এ অঞ্চলের মানুষের সফলতা নিচের কোনটি সঠিক?,History,4,4,i ও ii,i ও iii,ii ও iii,"i, ii ও iii",C
১৯৭১ সালের মার্চের প্রথম থেকেই দেশের প্রতিটি অঞ্চলে যে সংগ্রাম পরিষদ গঠিত হয় তাতে ঢাকা বিশ্ববিদ্যালয়ের শিক্ষার্থী সালমা ও রত্নার মত অনেকেই পুরুষদের পাশাপাশি সামান্য প্রশিক্ষণ গ্রহণ করে মুক্তিযুদ্ধে অংশ নেন। সালমা ও রত্নাদের মুক্তিযুদ্ধে অংশগ্রহণ ছিল i. সরাসরি ii. পরোক্ষভাবে  iii. স্বতঃস্ফূর্ত,History,4,4,"i,ii","i,iii","ii,iii","i,ii,iii",D
‘পূর্ব পাকিস্তান আওয়ামী মুসলিম লীগ’ দলটি- i. ১৯৪৯ সালে প্রতিষ্ঠিত ii. প্রথম সাধারণ সম্পাদক শামসুল হক iii. প্রথম সভাপতি শেখ মুজিবুর রহমান নিচের কোনটি সঠিক?,History,4,4,i ও ii,i ও iii,ii ও iii,"i, ii ও iii",A
কৃষকদের স্বার্থ রক্ষায় এ. কে. ফজলুল হক- i. বগীয় আইন পাস করেন ii. প্রজাসত্ব আইন সংশোধন করেন iii. মহাজ্ঞানী আইন পাস করেন নিচের কোনটি সঠিক?,History,4,4,i ও ii,i ও iii,ii ও iii,"i, ii ও iii",D
বাংলায় মুসলমান শাসন প্রতিষ্ঠার প্রথম পর্যায়-; i. ১২০৪ খ্রিষ্টাব্দে সূচনা হয় ii. ১৩৩৮ খ্রিষ্টাব্দে সমাপ্ত হয় iii. স্বাধীন শাসকদের যুগ নিচের কোনটি সঠিক?,History,4,4,i ও ii,i ও iii,ii ও iii,"i, ii ও iii",A
যুক্তফ্রন্টের ঘোষিত বিষয়- i. পূর্ববাংলার স্বায়ত্তশাসন ii. ২১শে ফেব্রুয়ারি সরকারি ছুটি iii. বাংলাকে অন্যতম রাষ্ট্রভাষা হিসেবে গ্রহণ নিচের কোনটি সঠিক?,History,4,4,i ও ii,i ও iii,ii ও iii,"i, ii ও iii",C
জনাব হাসিন সদ্য স্বাধীন ক দেশের প্রেসিডেন্ট নির্বাচিত হন। তিনি সঠিকভাবে দেশ পুনর্গঠনের জন্য অনেকগুলো পদক্ষেপ গ্রহণ করেন। কিন্তু একটি স্বার্থান্বেষী মহল তাকে গ্রহণ করতে না পেরে হত্যা করে। এরপরে এই মহলটি জনাব গ কে প্রেসিডেন্ট নির্বাচিত করে। তোমার পাঠ্য বইয়ের কোন ব্যক্তির সাথে জনাব গয়ের মিল আছে,History,4,4,জিয়াউর রহমান,আহসানউদ্দিন,খন্দকার মোস্তাক,এ এস এম সায়েম,C
মুসলমানদের বিজয়ে বঙ্গে পরিবর্তন আসে-; i. রাজনৈতিক ক্ষেত্রে ii. ধর্মের ক্ষেত্রে iii. অর্থনীতিতে নিচের কোনটি সঠিক?,History,4,4,i ও ii,i ও iii,ii ও iii,"i, ii ও iii",D
ঐতিহাসিক হেরোডোটাস কর্তৃক গ্রিস ও পারস্যের মধ্যে যুদ্ধের বিষয় লিপিবদ্ধের কারণ-  i. যাতে পরবর্তী প্রজন্ম এ ঘটনা ভুলে না যায় ii. এ বিবরণ তাদের উৎসাহিত করে iii. তারা দেশপ্রেমে উদ্বুদ্ধ হয় নিচের কোনটি সঠিক?,History,4,4,i ও ii,i ও iii,ii ও iii,"i, ii ও iii",D
প্রাচীন বাংলায় বেশি প্রচলন ছিল-; i. গান ii. নাচ iii. অভিনয় নিচের কোনটি সঠিক?,History,4,4,i ও ii,i ও iii,ii ও iii,"i, ii ও iii",D
৬ দফা দাবির মাধ্যমে পূর্ব পাকিস্তানের জনগণের যে বিষয়টি ফুটে উঠেছে- i. স্বায়ত্তশাসনের দাবি ii. সর্বজনীন ভোটাধিকারের দাবি iii. আধাসামরিক বাহিনীর প্রয়োজনীয়তা নিচের কোনটি সঠিক?,History,4,4,i ও ii,i ও iii,ii ও iii,"i, ii ও iii",D
জব চার্নক যেসব গ্রামে জমিদারি স্বত্ব লাভ করেন-; i. কলকাতা ii. সুতানটি iii. গোবিন্দপুর নিচের কোনটি সঠিক?,History,4,4,i ও ii,i ও iii,ii ও iii,"i, ii ও iii",D
খিলাফত আন্দোলনের নেতৃত্ব দেন-     i. মাওলানা মোহাম্মদ আলী ii. মাওলানা শওকত আলী iii. মাওলানা আবুল কালাম আজাদ নিচের কোনটি সঠিক?,History,4,4,i ও ii,i ও iii,ii ও iii,"i, ii ও iii",D
 ইতিহাস পাঠ অত্যন্ত প্রয়োজনীয় কারণ ইতিহাস- i. জ্ঞানের বিস্তৃতি ঘটায় ii. সচেতনতা বৃদ্ধিতে সহায়তা করে iii. উদাহরণ হিসেবে উপস্থিত থাকে নিচের কোনটি সঠিক?,History,4,4,i ও ii,i ও iii,ii ও iii,"i, ii ও iii",D
ইস্কান্দার মির্জা দেশে সামরিক শাসন জারি করে-  i. মন্ত্রিসভা বরখাস্ত করেন ii. সংবিধান বাতিল করেন iii. কেন্দ্রীয় ও প্রাদেশিক পরিষদ ভেঙে দেন নিচের কোনটি সঠিক?,History,4,4,i ও ii,i ও iii,ii ও iii,"i, ii ও iii",D
ডিরোজিও যেসব পত্রিকার সম্পাদনা করেন- i. হিসপাবাস ii. ইস্ট ইন্ডিয়া iii. সম্বাদ কৌমুদী নিচের কোনটি সঠিক?,History,4,4,i ও ii,i ও iii,ii ও iii,"i, ii ও iii",A
পলাশী যুদ্ধের সময় নবাবের পক্ষে দেশপ্রেমিক ছিলেন- i. মীরমদন ii. মোহনলাল iii. মীরজাফর নিচের কোনটি সঠিক?,History,4,4,;i ও ii,;i ও iii,;ii ও iii,";i, ii ও iii",A
১৯৭৪ সালে বাংলাদেশ ও ভারতের মধ্যে যে সীমান্ত নিয়ে চুক্তি সম্পাদিত হয়-; i. হিলি-বেরুবাড়ী ii. সিলেটসিলেট-ত্রিপুরা iii. ফেনী নদী সীমান্ত,History,4,4,i ও ii,ii ও iii,i ও iii,"i, ii ও iii",D
বঙ্গকে প্রাচীন পুঁথিতে প্রতিবেশী বলা হয়েছে- i. মগধের ii. রাঢ়ের iii. কলিঙ্গের নিচের কোনটি সঠিক?,History,4,4,i ও ii,i ও iii,ii ও iii,"i, ii ও iii",B
"নলীন বাবুর 'ক' ও 'খ' নামে দু'টি পোশাক কারখানা ছিল। 'ক' কারখানার শ্রমিকশেণি অবহেলিত ছিল। 'ক' কারখানার শ্রমিক নেতা সালাম সাহেব শ্রমিক সমাবেশ ডেকে শ্রমিকদের বকেয়া পাওনা, বেতন বৃদ্ধি ও নিরাপত্তাসহ বেশ কিছু দাবি মালিকের নিকট পেশ করেন। মালিক দাবি না মেনে শ্রমিক নেতার বিরুদ্ধে বিদ্রোহের অভিযোগ আনেন। ইক্তিতকৃত দাবির ফলে, i.বাঙ্গালি জাতির মুক্তির আন্দোলন স্তিমিত হয়ে পড়ে
ii. বাঙালির মহান নেতা পাকিস্তানের প্রধান শত্রুতে পরিণত হয়
iii. বাঙালি জাতি অন্যের শাসন থেকে মুস্ত হবার জন্য অনুপ্রাণিত হয়",History,5,5,"i,ii","i,iii","ii,iii","i,ii,iii",C
আইয়ুব খান মৌলিক গণতন্ত্রের ফলে-  i. সংবিধান প্রণয়নের ক্ষমতা লাভ করেন ii. ১৯৬০ খ্রিষ্টাব্দে প্রেসিডেন্ট নির্বাচিত হন iii. সেনা শাসনের প্রধান নির্বাচিত হন নিচের কোনটি সঠিক?,History,5,5,i ও ii,i ও iii,ii ও iii,"i, ii ও iii",A
জনাব হাসিন সদ্য স্বাধীন ক দেশের প্রেসিডেন্ট নির্বাচিত হন। তিনি সঠিকভাবে দেশ পুনর্গঠনের জন্য অনেকগুলো পদক্ষেপ গ্রহণ করেন। কিন্তু একটি স্বার্থান্বেষী মহল তাকে গ্রহণ করতে না পেরে হত্যা করে। এরপরে এই মহলটি জনাব গ কে প্রেসিডেন্ট নির্বাচিত করে। জনাব হাসান এর পদক্ষেপ গুলি গুরুত্বপূর্ণ ছিল i.উন্নত অর্থনীতির জন্য ii.দেশের নিরাপত্তার জন্য iii.আইনের শাসন প্রতিষ্ঠার জন্য,History,5,5,"i,ii","i,iii","ii,iii","i,ii,iii",D
"১৪৪ ধারা ভঙ্গ করে মিছিল ঢাকা মেডিকেল কলেজের দিকে এগিয়ে যায়।এক পর্যায়ে পুলিশ মেশিনের উপর গুলি চালায়। এতে ঘটনাস্থলে বরকত, জব্বার, রফিক, সালামসহ আরো অনেকে মারা যান। উক্ত ঘটনার পরিপ্রেক্ষিতে I. একটি শহীদ মিনার তৈরি হয় Ii. ১৯৫৬ সালে বাংলাকে পাকিস্তানের সংবিধানে অন্তর্ভুক্ত করা হয় Iii. স্মৃতি মিনার কবিতা, আরেক ফাল্গুন উপন্যাস ও কবর নাটক রচিত হয়",History,5,5,"i,ii","ii,iii","i,iii","i,ii,iii",D
মানব সভ্যতার ইতিহাসে দ্বিতীয় বিশ্বযুদ্ধ ছিল সবচেয়ে-; i. আনন্দময় অধ্যায় ii. কলঙ্কিত অধ্যায় iii. বিভীষিকাময় অধ্যায় নিচের কোনটি সঠিক?,History,5,5,i ও ii,i ও iii,ii ও iii,"i, ii ও iii",C
সমুদ্রগুপ্তের রাজত্বকালে বাংলা সম্পর্কিত তথ্য হলো— i. সমতট বাংলার করদরাজ্য ছিল  ii. রাজধানী ছিল মহাস্থানগড়ের পুণ্ড্রনগর  iii. উত্তরবঙ্গ একটি প্রদেশ বা ভুক্তি ছিল নিচের কোনটি সঠিক?,History,5,5,i ও ii,i ও iii,ii ও iii,"i, ii ও iii",D
রাশেদ ঢাকা বিশ্ববিদ্যালয়ের রাষ্ট্রবিজ্ঞান বিভাগের ছাত্র। মাস্টার্স তার গবেষণার বিষয় ১৯৭৫ পরবর্তী বাংলাদেশের শাসন ব্যবস্থা। এই গবেষণা প্রতিবেদনে এমন এক শাসকের কথা উঠে এসেছে যিনি মহান মুক্তিযুদ্ধের একজন সেক্টর কমান্ডার ছিলেন। কিন্তু তিনি পরবর্তীকালে তার সহযোদ্ধা ও শুভাকাঙ্ক্ষীদের প্রহসন মূলক বিচারের আওতায় আনেন এবং কঠোর শাস্তি দেন। তার শাসনামলে i.মুক্তিযুদ্ধে বিরোধিতা কারীরা পুনর্বাসিত হয় ii.বঙ্গবন্ধুর খুনিদের বিচার করা.হয় iii.মার্কিন যুক্তরাষ্ট্রের সাথে সম্পর্কের উন্নতি হয়,History,5,5,"i,ii","i,iii","ii,iii","i,ii,iii",B
নবাব আবদুল লতিফের অবসান হলো — i. হিন্দু কলেজকে প্রেসিডেন্সি কলেজে রূপান্তর ii. মুহসীন ফান্ডকে শিয়া-সুন্নি সকলের জন্যে উন্মুক্ত করা; iii. নিজের জমিদারিতে বিলাসী জীবনযাপন করা; নিচের কোনটি সঠিক?,History,5,5,i ও ii,i ও iii,ii ও iii,"i, ii ও iii",A
সংবিধানের পঞ্চদশ সংশোধনী নিয়ে সারাদেশে বেশ জল্পনা কল্পনা হয়। কেননা সরকারের পাশাপাশি বিশেষজ্ঞরা মনে করেন এতে করে সামান্য কিছু ব্যতিক্রম ছাড়া প্রবর্তন কালীন সংবিধানে ফিরে যাওয়া সম্ভব হবে। উদ্দীপকে আলোচিত সংশোধনের মাধ্যমে সংবিধানে ১৯৭২ সালের কোন মূলনীতি ফিরে এসেছে,History,5,5,জাতীয়তাবাদ,গণতন্ত্র,সামাজিক ন্যায় বিচার,ধর্মনিরপেক্ষতা,D
ভাস্কো-দা-গামা খুব দ্রুত ভারতবর্ষ ত্যাগ করেন কেন?,History,5,5,ফরাসি বণিকদের কারণে,দিনেমারদের কারণে,আরব বণিকগণের কারণে,ওলন্দাজদের কারণে;,C
"১৯৯৬ সালের ২৬ মার্চ তত্ত্বাবধায়ক সরকারের বিল সংসদে পাশ হয়। পরবর্তীতে পর পর দুইটি জাতীয় সংসদ নির্বাচন তত্ত্বাবধায়ক সরকারের অধীনে হয়। এ সরকারের অধীনে অনুষ্ঠিত হয় i.সপ্তম জাতীয় সংসদ
ii.আওয়ামী লীগ ১৪৬ টি আসন লাভ করে
iii.৪ দলীয় জোট ২১৯ টি আসন লাভ করে",History,5,5,i,ii,"i,ii","i,ii,iii",C
কলকারখানার ধোঁয়া থেকে নির্গত হয় কোনটি?,MISC,1,1,নিয়ন,আর্গন,জেনন,কার্বন,D
”সার্থক জনম আমার জন্মেছি এই দেশে। সার্থক জনম মা'গো তোমায় ভালোবেসে।” উক্ত বন্দনায় কী প্রকাশ পেয়েছে?,MISC,1,1,দেশপ্রেম,জাতীয়তা,স্বাধীনতা,জনমত,A
মানুষের অভাব সৃষ্টি হয় কেন?,MISC,1,1,সম্পদের জন্য,ইচ্ছার জন্য,পরিবারের জন্য,প্রয়োজনের জন্য,D
"'North Westerlies"" অর্থ কি?",MISC,1,1,উত্তর - পূর্ব বায়ু,উত্তর - পশ্চিম বায়ু,কালবৈশাখী ঝড়,আশ্বিনা ঝড়,C
‘Kin’ শব্দটির বাংলা পরিভাষা কী?,MISC,1,1,আত্মীয়,সঙ্গী,বন্ধু,বংশ,A
আন্তর্জাতিক নারী দিবস কোনটি?,MISC,1,1,৮ মার্চ,২৬ মার্চ,২৮ মার্চ,১৮ মার্চ,A
সূর্যে কোন গ্যাসের পরিমাণ সবচেয়ে বেশি?,MISC,1,1,হিলিয়াম,নাইট্রোজেন,হাইড্রোজেন,সালফার,C
বাংলাদেশের বিজ্ঞানী ড. মাকসুদুল আলম কীসের জীবন রহস্য উন্মোচন করেন?,MISC,1,1,ধান,গম,তুলা,পাট,D
এইডস এর চরম পরিণতি কোনটি?,MISC,1,1,মৃত্যু,স্বাস্থ্যহানি,কর্মহীন অবস্থা,রোগ প্রতিরোধ ক্ষমতা হ্রাস,A
নারী ও পুরুষ শ্রমিকের একই কাজের জন্য একই বেতন প্রদানের কথা ঘোষণা করে কোন সংস্থা?;,MISC,1,1,UNDP,ILO,UNESCO,UNSER,B
বাংলাদেশ কৃষি ব্যাংক কেন গঠিত হয়?,MISC,1,1,কৃষি উন্নয়নের জন্য,খাদ্য ঘাটতি দূর করার জন্য,ব্যবসা-বাণিজ্য সমৃদ্ধির জন্য,শিল্পের উন্নয়নের জন্য,A
জনসংখ্যার দিক দিয়ে বাংলাদেশের অবস্থান পৃথিবীতে কত?,MISC,1,1,নবম,দশম,একাদশ,চতুর্থ,A
কোন গ্রহে ৮৮ দিনে এক বছর হয়?,MISC,1,1,মঙ্গল,বুধ,শনি,শুক্র,B
Natural Habitat অর্থ কী?,MISC,1,1,প্রাকৃতিক বাস্তু,সামাজিক বাস্তু,সাংস্কৃতিক বাস্তু,প্রাকৃতিক অভ্যাস,A
আরবি ভাষায় ‘মওসুম' শব্দের অর্থ কী?,MISC,1,1,তাপ,ঋতু,বৃষ্টি,বায়ু,B
শনির উপগ্রহ কয়টি?,MISC,1,1,২টি,৫টি,১৬টি,২২টি,D
বায়ুদূষণ বেশি মাত্রায় ঘটে কোনটি ব্যবহার করলে?,MISC,1,1,যানবাহনে ক্যালডিয়ামবিহীন পেট্রোল ব্যবহার করলে,যানবাহনে ক্যালডিয়ামযুক্ত পেট্রোল ব্যবহার করলে,যানবাহনে সিসাযুক্ত পেট্রোল ব্যবহার করলে,যানবাহনে সিসাহীন পেট্রোল ব্যবহার করলে,C
রবি শংকর একজন বিখ্যাত-,MISC,1,1,সেতার বাদক,গায়ক,স্বরোবাদক,বেহালা বাদক,A
ওজোন গ্যাসের সংকেত কোনটি?,MISC,1,1,O,C₂,CO,O3,D
প্রকৌশল বিশ্ববিদ্যালয়ে কত ভাগ নারী শিক্ষার্থী রয়েছে?,MISC,1,1,8,9,19,29,B
বিখ্যাত চিত্রকর্ম 'তিন কণ্যা'এর চিত্রকর কে?,MISC,2,2,জয়নুল আবেদীন,কামরুল হাসান,এস এম সুলতান,রফিকুল্নবী,B
শুল্ক ঋতুতে মাটি ক্ষয়ের প্রধান কারণ-,MISC,2,2,পানি,জুম চাষ,বায়ুপ্রবাহ,বনোচ্ছেদ,C
প্রস্বেদন প্রক্রিয়ার শতকরা কত ভাগ দিবাভাগে সংঘটিত হয়?  ,MISC,2,2, ৯০ ভাগ, ৮৫ ভাগ, ৯৫ ভাগ, ৮০ ভাগ,C
শিক্ষক পাঠদানের জন্য ব্যবহার করেন-,MISC,2,2,দেওয়াল মানচিত্র,ভূসংস্থানিক মানচিত্র,প্রাকৃতিক মানচিত্র,এটলাস মানচিত্র,A
পানি দূষণের ফলাফল কোনটি?,MISC,2,2,জলজ প্রাণির আবাসস্থল নষ্ট হচ্ছে,নদী প্রবাহের বাঁধা সৃষ্টি হচ্ছে না,পানির উৎস কমে যাচ্ছে,যোগাযোগের মাধ্যম নষ্ট হচ্ছে,A
অধিকাংশ বাঙালির মাথা কীরূপ?;,MISC,2,2,গোল,লম্বা,চ্যাপ্টা,চৌকোণা,A
বর্তমানে বাংলাদেশে জনসংখ্যার ঘনত্ব প্রতি বর্গকিলোমিটারে কত জন?,MISC,2,2,৮৭৫ জন,৯৮৫ জন,১১৪০ জন,১১৩৭ জন,C
দুর্যোগ ব্যবস্থাপনার বেশি কাজ সম্পন্ন করতে হয় কখন?,MISC,2,2,দুর্যোগ প্রশমন সময়,দুর্যোগ পূর্ব সময়,দুর্যোগের সময়,দুর্যোগ পুনরুদ্ধার সময়,B
ZPG কী?,MISC,2,2,Zero Population Growth,Zero Percent Growth,Zero Popular Growth,Zest Populated Growth,A
যে প্রতীক বা রাশি ভিন্ন ভিন্ন মান গ্রহণ করে তাকে কী বলে?,MISC,2,2,অপেক্ষক,পরামিতি,চলক,ধ্রুবক,C
আরবি ‘মওসুম’ শব্দের অর্থ কী?,MISC,2,2,দিন,ঋতু,বছর,সময়,B
বাংলাদেশের কোন বেসরকারি সংস্থা শুরুতে কৃষি ও বন মন্ত্রণালয়ের সাথে সংযুক্ত সেল হিসেবে কাজ করে?,MISC,2,2,ব্র্যাক,স্বনির্ভর বাংলাদেশ,প্রশিকা,আশা,B
উন্নয়নে অংশীদারিত্ব প্রতিষ্ঠিত হয় কিভাবে?,MISC,2,2,উন্নয়ন কাজে অংশগ্রহণ করলে,সঠিকভাবে দায়িত্ব ও কর্তব্য পালন করলে,তৃণমূল পর্যায়ের লোকেরা অংশ নিলে,উন্নয়নের সুফল ভোগ করলে,B
অভিগমন কত প্রকার হতে পারে?,MISC,2,2,৩ প্রকার,৪ প্রকার,৫ প্রকার,২ প্রকার,D
বিশ্বের শ্রেষ্ঠ পাঠাগার থেকে গ্রন্থ নির্বাচন করে ঘরে বসে পাঠ করা যায়। এটি কীভাবে সম্ভব হয়েছে?;,MISC,2,2,টেলিভিশন দেখার মাধ্যমে;,প্রযুক্তির ফলে;,উন্নত যোগাযোগ ব্যবস্থার কারণে;,পত্রপত্রিকা পাঠের ফলে,B
সূর্যরশ্মি পৃথিবীতে তরঙ্গ আকারে আসে। এ তরঙ্গ কীরুপ?,MISC,2,2,নিম্ন,উচ্চ,ক্ষুদ্র,বৃহৎ,C
স্বাধীনতার রূপ কয়টি?,MISC,2,2,2,3,4,5,D
বন্যা প্রতিরোধে শহরে কী রকম বাঁধ দেখা যায়?,MISC,2,2,প্রকৌশলগত,বেষ্টনীমূলক,কংক্রিট,বেড়ি,B
বাংলাদেশের কৃষিখাত প্রধানত কয়টি উপখাত নিয়ে গঠিত?,MISC,2,2,2,3,4,5,A
সুন্দরবন এলাকায় জলদস্যুদের আস্তানা বেশি হওয়ার কারণ-,MISC,2,2,বিদ্যমান সামাজিক পরিবেশ,বংশানুক্রমে ঐ এলাকার লোকজন জলদস্যু,বিদ্যমান ভৌগোলিক পরিবেশ,অর্থনৈতিক সংকট,C
Rapport কী?,MISC,3,3,সাহায্যার্থীর পেশাগত সম্পর্ক,সাহায্যার্থীর সঙ্গে সমাজকর্মীর পেশাগত সম্পর্ক,মাঠকর্মীর অনুশীলন প্রতিবেদন,অভিযোগ করা,B
প্রাইভেট লিমিটেড কোম্পানির সদস্য সংখ্যা কত?,MISC,3,3,৭–অসংখ্য,৭–১০০,২–৫০,২–১০০,C
উত্তপ্ত ও বৈচিত্র্যময় আবহাওয়ার কারণে গ্রিসের ভৌগোলিক পরিবেশ ছিল ভিন্ন। এর পরিপ্রেক্ষিতে কোনটি বলা যায়?,MISC,3,3,গ্রিস সমরতন্ত্র দ্বারা প্রভাবিত ছিল,এটি রাষ্ট্রকে বিভক্ত করেছে,এর সভ্যতার ধরনও ছিল ভিন্ন,ভূমিদাস প্রথা বিদ্যমান ছিল,C
কৃষকেরা স্বেচ্ছায় পরস্পরের জমি একত্রিত করে যে খামার গড়ে তোলে তাকে বলে-,MISC,3,3,ব্যক্তিগত খামার,ক্ষুদ্রায়তন খামার,সমবায় খামার,যৌথ খামার,C
মুড়িতে কোন রাসায়নিক দ্রব্য মেশানো হয়?,MISC,3,3,হাইড্রোজেন,পিসিবি তৈল,কাঠের গুঁড়া,ধানের কুড়া,A
শ্রবণ প্রতিবন্ধীতা কত প্রকার?,MISC,3,3,2,3,4,5,B
সরকার দেশের সর্বত্র বনায়ন সৃষ্টির লক্ষ্যে কাজ করছে। ইহা কোন প্রাকৃতিক দুর্যোগকে প্রতিহত করতে সহায়তা করবে?,MISC,3,3,নদীভাঙন,খরা,বন্যা,ভূমিকম্প,C
বাংলাদেশে কোন সার ব্যবহারের ওপর বেশি গুরুত্বারোপ করা হয়েছে?;,MISC,3,3,জৈব;,গুটি;,কেঁচো ;,রাসায়নিক,A
মি.হ্যানয় রোহিঙ্গা সমস্যার সমাধানে একটি আন্তর্জাতিক সংস্থার প্রতিনিধি হিসেবে ঢাকায় কর্মরত আছেন। তিনি মিয়ানমার সামরিক জান্তা এবং বাংলাদেশের পররাষ্ট্র মন্ত্রণালয়ের সাথে রোহিঙ্গা ইস্যুতে মধ্যস্থতা করছেন। মি.হ্যানয় আন্তর্জাতিক কোন সংস্থার সাথে সম্পৃক্ত,MISC,3,3,UNDP,UNHCR,UNIFEM,UNESCO,B
জাতীয় স্মৃতিসৌধ বাঙালির-  i. অহংকার ii. গৌরব iii. মর্যাদার প্রতীক নিচের কোনটি সঠিক?,MISC,3,3,i ও ii,i ও iii,ii ও iii,"i, ii ও iii",D
"হুমায়ুন আহমেদ আমাদের সবার নিকট একজন সুপরিচিত সাহিত্যিক। তার বিভিন্ন নাটক, উপন্যাসে বাঙালির অতীত, বর্তমান প্রথা-পদ্ধতি, আচার-আচরণ প্রতিফলিত হয়েছে। যুগ যুগ ধরে এগুলো আমাদের ঐতিহ্যের ধারক ও বাহক। উক্ত বিষয়টি প্রভাব বিস্তার করে- i. সংগীত শেখার ক্ষেত্রে ii. অবস্থগত সংস্কৃতির ক্ষেত্রে iii. সামাজিক রীতিনীতির ক্ষেত্রে নিচের কোনটি সঠিক?",MISC,3,3,i ও ii,i ও iii,ii ও iii,"i, ii ও iii",C
কৃষিপণ্য বিপণন সমস্যা সমাধানের জন্য এগিয়ে আসতে হবে-,MISC,3,3,কৃষকদের,মধ্যস্বত্বভোগীদের,সরকারের,ফাড়িয়াদের,C
জাতীয়তা শব্দের ইংরেজি শব্দ কোনটি?,MISC,3,3,Nation,National,Nationality,Nationalism,C
গঙ্গারিডই' বলতে কী বোঝ?,MISC,3,3,একটি শক্তিশালী রাজ্য,একটি নদী,একটি নগর,একটি পর্বত,A
র্মকমিশনের সভাপতি ও সদস্যগণ দায়িত্বভার গ্রহণের পর কত বছর পর্যন্ত স্ব স্ব পদে বহাল থাকবেন?,MISC,3,3,4,5,6,7,B
কৃষিক্ষেত্রে উন্নয়নের বড় বাধা- i. কৃষি ঋণের অপর্যাপ্ততা ii. উৎপাদিত পণ্য বিপণন সুবিধার অভাব iii. কৃষি জমির পরিমাণ হ্রাস পাওয়া নিচের কোনটি সঠিক?,MISC,4,4,i ও ii,i ও iii,ii ও iii,"i, ii ও iii",D
দুর্যোগ সংঘটনের পরের ব্যবস্থাপনার মধ্যে রয়েছে- i. সাড়াদান ii. পুনরুদ্ধার  iii. উন্নয়ন  নিচের কোনটি সঠিক?,MISC,4,4,i ও ii,i ও iii,ii ও iii,"i, ii ও iii",D
বায়ু দূষণের ফলে- i. পৃথিবীর তাপমাত্রা হ্রাস পাচ্ছে ii. মাটি অধিক তাপমাত্রা গ্রহণ করছে iii. বৃষ্টিপাত কমে যাচ্ছে নিচের কোনটি সঠিক?,MISC,4,4,i ও ii,ii ও iii,"i, ii ও iii",i ও iii,B
তাপস রায় আফ্রিকার একটি অঞ্চল থেকে তার স্ত্রীকে জানাই সেখানে যুদ্ধাগত দলগুলোর মধ্যে যুদ্ধ বিরতি ঘটাতে তাদের উদ্দেশ্য সফল হয়েছে এবং তারা সকল শ্রেণীর আস্থা অর্জনের সক্ষম হয়েছেন। উক্ত কার্যক্রমে বহির্বিশ্বে বাংলাদেশের কি অর্জন হয়েছে,MISC,4,4,বিশ্বশান্তি,সুশৃংখল বাহিনী গঠন,বহির্বিশ্বের প্রভাব বিস্তার,শক্তি বৃদ্ধিতে উন্নত কৌশল,C
এইডসের প্রভাব হলো— i. আতঙ্ক ii. গড় বয়স হ্রাস পাওয়া iii. জনসংখ্যার প্রতি হুমকি,MISC,4,4,i,ii,iii,"i, ii ও iii",D
তাপস রায় আফ্রিকার একটি অঞ্চল থেকে তার স্ত্রীকে জানান সেখানে যুদ্ধরত দল গুলোর মধ্যে যুদ্ধবিরতি ঘটাতে তাদের উদ্দেশ্য সফল হয়েছে এবং তারা সকল শ্রেণীর আস্থা অর্জনে সক্ষম হয়েছেন। উক্ত কার্যক্রমে বহির্বিশ্বে বাংলাদেশের কি অর্জন হয়েছে,MISC,4,4,বিশ্ব শান্তি,সুশৃংখল বাহিনী গঠন,বহির্বিশ্বে প্রভাব বিস্তার,শক্তি বৃদ্ধিতে উন্নত কৌশল,C
প্রযুক্তির উন্নয়ন হলো-  i. নতুন আবিষ্কৃত যন্ত্রপাতি  ii. দক্ষতার উন্নতি  iii. নতুন মালামাল আবিষ্কার নিচের কোনটি সঠিক?,MISC,4,4,i ও  ii,i ও  iii,ii ও  iii,"i, ii ও  iii",D
সংস্কার অর্থ হচ্ছে i. সংশোধন  ii. পরিবর্তন iii. স্থিতিশীল নিচের কোনটি সঠিক?,MISC,4,4,i ও  ii,i ও  iii,ii ও  iii,"i, ii ও iii",D
কোন কাজগুলো দুর্নীতির মধ্যে পড়ে? i. ঘুষ ও স্বজনপ্রীতি ii. বল প্রয়োগ ও ভীতি প্রদর্শন iii. অবৈধ সুযোগ-সুবিধা লাভ নিচের কোনটি সঠিক?,MISC,4,4,i ও ii,ii ও iii,i ও iii,"i, ii ও iii",D
টেকসই উন্নয়নের প্রধান ক্ষেত্র— i. সমাজ ii. রাজনৈতিক বিবেচনা iii. পরিবেশ সংরক্ষণ নিচের কোনটি সঠিক?,MISC,4,4,i ও iii,ii ও iii,i ও ii,"i, ii ও iii",A
একটি আন্তর্জাতিক সংস্থার প্রধান উদ্দেশ্য হল উদ্বাস্তুদের অধিকার রক্ষা ও কল্যাণ সাধন। এ উদ্দেশ্য অর্জনের অংশ হিসেবে প্রত্যেকেই যাতে আশ্রয় লাভের অধিকার চর্চা করতে পারে ও অন্য কোন স্থানে নিরাপদ আশ্রয় খুঁজে পায় এবং স্বেচ্ছায় নিজ বাড়িতে ফিরতে পারে তা নিশ্চিত করতে চেষ্টা করে। উদ্দীপকে বর্ণিত কার্যক্রম কোন আন্তর্জাতিক সংস্থার সাথে সাদৃশ্যপূর্ণ,MISC,4,4,WHO,UNDP,UNICEF,UNHCR,D
"কোনো কোনো রাষ্ট্রবিজ্ঞানী যে সকল সমস্যার তুলনায় জনসংখ্যা সমস্যাকে সামান্য মনে করেছেন, তা হলো-; i. ক্ষুধা ii. বর্ণবৈষম্য iii. দারিদ্র্য নিচের কোনটি সঠিক?",MISC,4,4,i ও ;ii,i ও ;iii,ii ও ;iii,"i, ii ও iii",D
জনসংখ্যা ঘনত্বের জন্য দায়ী- i. মৃত্তিকা  ii. সাংস্কৃতিক  iii. উপকূলবর্তী অঞ্চল  নিচের কোনটি সঠিক?,MISC,4,4,i ও ii,"i, ii ও iii",ii ও iii,i ও iii,A
তথ্য হচ্ছে-  i. কোনো প্রতিষ্ঠানের গঠন কাঠামো ii. কোনো প্রতিষ্ঠানের হিসাব বিবরণী iii. কোনো প্রতিষ্ঠানের তথ্য উপাত্ত নিচের কোনটি সঠিক?,MISC,4,4,i ও ii,i ও iii,ii ও iii,"i, ii ও iii",D
তথ্য হচ্ছে-; i. কোনো প্রতিষ্ঠানের গঠন কাঠামো; ii. কোনো;প্রতিষ্ঠানের হিসাব বিবরণী; iii. কোনো প্রতিষ্ঠানের তথ্য-উপাত্ত নিচের কোনটি সঠিক?,MISC,4,4,i ও ii,i ও iii,ii ও iii,"i, ii ও iii",D
সামাজিক নিরাপত্তার জন্য দরকার-  i. খাদ্যে ভর্তুকি প্রদান ii. মহার্ঘ ভাতা প্রদান iii. কর্মসংস্থান সৃষ্টি নিচের কোনটি সঠিক?,MISC,4,4,i ও ii,i ও iii,ii ও iii,"i, ii ও iii",B
বর্তমানে বাংলাদেশের কৃষিকাজে ব্যবহৃত হচ্ছে-; i. উন্নত সার ii. উন্নত বীজ iii. আধুনিক চাষপ্রণালি নিচের কোনটি সঠিক?,MISC,4,4,i ও ii,i ও iii,ii ও iii,"i, ii ও iii",D
প্রতিবেশী ‘ক’ ও ‘খ’ রাষ্ট্রের মধ্যে সমুদ্রসীমা নিয়ে বিরোধ দেখা দিলে ‘ক’ রাষ্ট্র আন্তর্জাতিক সংস্থার একটি শাখায় আবেদন করে। আবেদনের প্রেক্ষিতে সংস্থাটি বিরোধের শান্তিপূর্ণ মীমাংসা করে। উক্ত শাখার কাজ হল i. জাতিসংঘের সংঘের সদস্য রাষ্ট্রের বিরুদ্ধে অভিযোগ থাকলে তা মীমাংসা করা ii. জাতিসংঘ সদস্য রাষ্ট্রের মধ্যে কোন চুক্তির প্রেক্ষিতে মামলা হলে তা মীমাংসা করা iii. জাতিসংঘ সদস্য ভুক্ত দেশগুলোর অর্থ-সামাজিক অবস্থার পরিবর্তন করা,MISC,5,5,"i,ii","i,iii","ii,iii","i,ii,iii",A
মাহিন সম্প্রীতি একটি আন্তর্জাতিক সংস্থায় যোগদান করেছেন। সেখানে তিনি বিভিন্ন দেশের স্বার্থ সম্পর্কিত বিষয়গুলো পরিচালনা করেন। উক্ত সংস্থাটির কাজ হলো i. টিকা দান কর্মসূচি পরিচালনা করা ii. শিশুশ্রম বন্ধ করা iii. পুষ্টিহীনতা দূর করা,MISC,5,5,"i,ii","i,iii","ii,iii","i,ii,iii",B
একটি আন্তর্জাতিক সংস্থার প্রধান উদ্দেশ্য হল উদ্বাস্তুদের অধিকার রক্ষা ও কল্যাণ সাধন। এ উদ্দেশ্য অর্জনের অংশ হিসেবে প্রত্যেকেই যাতে আশ্রয় লাভের অধিকার চর্চা করতে পারে ও অন্য কোন স্থানে নিরাপদ আশ্রয় খুঁজে পায় এবং স্বেচ্ছায় নিজ বাড়িতে ফিরতে পারে তা নিশ্চিত করতে চেষ্টা করে। সংস্থাটি কিভাবে তার উদ্দেশ্য পূরণ করে এবং উদ্বাস্তুদের অধিকার রক্ষা ও কল্যাণ সাধন করে i. সরকারের অংশীদারিত্ব যুক্ত করে ii. কার্যপ্রণালী বিচ্যুতি ঘটিয়ে iii. মানবিক সম্প্রদায় সৃষ্টি করে,MISC,5,5,"i,ii","ii,iii","i,iii","i,ii,iii",C
তাপস রায় আফ্রিকার একটি অঞ্চল থেকে তার স্ত্রীকে জানান সেখানে যুদ্ধরত দল গুলোর মধ্যে যুদ্ধবিরতি ঘটাতে তাদের উদ্দেশ্য সফল হয়েছে এবং তারা সকল শ্রেণীর আস্থা অর্জনে সক্ষম হয়েছেন। তাপস রায় দেশের পক্ষে যে কার্যক্রমে অংশগ্রহণ করেছেন তা হল i. জাতিসংঘ মিশনে ii. বাংলাদেশ মিশন iii. শান্তিরক্ষা মিশন,MISC,5,5,"i,ii","i,iii","ii,iii","i,ii,iii",B
মি.হেনয় রোহিঙ্গা সমস্যা সমাধানে একটি আন্তর্জাতিক সংস্থার প্রতিনিধি হিসেবে ঢাকায় কর্মরত আছেন। তিনি মিয়ানমার সামরিক জান্তা এবং বাংলাদেশের পররাষ্ট্র মন্ত্রণালয়ের সাথে রোহিঙ্গা ইস্যুতে মধ্যস্থতা করছেন। উক্ত সংস্থা বাংলাদেশে আরো যে বিষয়ে অবদান রাখছে তা হলো I. বিশাল শরণার্থীর ব্যয় নির্বাহ II. কৃষকদের কৃষি বিষয়ক পরামর্শ প্রদান III.বিহারী জনগোষ্ঠীর আবাসন প্রদান,MISC,5,5,"i,ii","i,iii","ii,iii","i,ii,iii",B
তাপস রায় আফ্রিকার একটি অঞ্চল থেকে তার স্ত্রীকে জানাই সেখানে যুদ্ধাগত দলগুলোর মধ্যে যুদ্ধ বিরতি ঘটাতে তাদের উদ্দেশ্য সফল হয়েছে এবং তারা সকল শ্রেণীর আস্থা অর্জনের সক্ষম হয়েছেন। তাপস রায় দেশের পক্ষে যে কার্যক্রমে অংশগ্রহণ করেছেন তা হল i. জাতিসংঘ মিশনে ii. বাংলাদেশ মিশন iii. শান্তিরক্ষা মিশন,MISC,5,5,"i,ii","i,iii","ii,iii","i,ii,iii",B
"হুমায়ুন আহমেদ আমাদের সবার নিকট একজন সুপরিচিত সাহিত্যিক। তার বিভিন্ন নাটক, উপন্যাসে বাঙালির অতীত, বর্তমান প্রথা-পদ্ধতি, আচার-আচরণ প্রতিফলিত হয়েছে। যুগ যুগ ধরে এগুলো আমাদের ঐতিহ্যের ধারক ও বাহক। উক্ত বিষয়টি প্রভাব বিস্তার করে- i. সংগীত শেখার ক্ষেত্রে ii. অবস্থগত সংস্কৃতির ক্ষেত্রে iii. সামাজিক রীতিনীতির ক্ষেত্রে নিচের কোনটি সঠিক?",MISC,3,3,i ও ii,i ও iii,ii ও iii,"i, ii ও iii",C
কৃষির ইংরেজি প্রতিশব্দ কী?,MISC,1,2,Agriculture,Cultivation,Farm,Culture,A
পানি দূষণের ফলাফল কোনটি?,MISC,2,2,জলজ প্রাণির আবাসস্থল নষ্ট হচ্ছে,নদী প্রবাহের বাঁধা সৃষ্টি হচ্ছে না,পানির উৎস কমে যাচ্ছে,যোগাযোগের মাধ্যম নষ্ট হচ্ছে,A
কোনটি Endemic জীব?,MISC,2,1,ময়না,বাঘ,কালো বানর,কুমির,C
উত্তপ্ত ও বৈচিত্র্যময় আবহাওয়ার কারণে গ্রিসের ভৌগোলিক পরিবেশ ছিল ভিন্ন। এর পরিপ্রেক্ষিতে কোনটি বলা যায়?,MISC,3,3,গ্রিস সমরতন্ত্র দ্বারা প্রভাবিত ছিল,এটি রাষ্ট্রকে বিভক্ত করেছে,এর সভ্যতার ধরনও ছিল ভিন্ন,ভূমিদাস প্রথা বিদ্যমান ছিল,C
জনসংখ্যার ঘনত্ব নির্ণয়ের সূত্র কোনটি?,MISC,2,1,মোট জনসংখ্যা/ আয়তন,আয়তন/ মোট জনসংখ্যা,মোট জীবিত জনসংখ্যা/ মোট জনসংখ্যা,মোট জনসংখ্যা/ মোট জীবিত জনসংখ্যা,A
নীভবন অর্থ কী?,MISC,1,1,উন্মুক্ত করা,বন্ধ করা,ক্ষয়সাধন,প্রসারণ,A
তাপস রায় আফ্রিকার একটি অঞ্চল থেকে তার স্ত্রীকে জানান সেখানে যুদ্ধরত দল গুলোর মধ্যে যুদ্ধবিরতি ঘটাতে তাদের উদ্দেশ্য সফল হয়েছে এবং তারা সকল শ্রেণীর আস্থা অর্জনে সক্ষম হয়েছেন। উক্ত কার্যক্রমে বহির্বিশ্বে বাংলাদেশের কি অর্জন হয়েছে,MISC,4,4,বিশ্ব শান্তি,সুশৃংখল বাহিনী গঠন,বহির্বিশ্বে প্রভাব বিস্তার,শক্তি বৃদ্ধিতে উন্নত কৌশল,C
বর্তমানে যতটুকু অগ্রগতি হয়েছে তা সুষম ও সুসংহত এবং গতিশীল করতে যেসব পদক্ষেপ নেওয়া প্রয়োজন- i. মানব সম্পদের উন্নয়ন ii. দুর্নীতি দমন iii. রাষ্ট্রব্যবস্থায় স্বচ্ছতা ও জবাবদিহিতা নিশ্চিতকরণ নিচের কোনটি সঠিক?,MISC,4,3,i ও ii,i ও iii,ii ও iii,"i, ii ও iii",D
প্রস্বেদন প্রক্রিয়ার শতকরা কত ভাগ দিবাভাগে সংঘটিত হয়?  ,MISC,2,2, ৯০ ভাগ, ৮৫ ভাগ, ৯৫ ভাগ, ৮০ ভাগ,C
‘পার্থেনন’ কী?,MISC,3,5,ইংরেজি সাপ্তাহিক পত্রিকা,ম্যাগাজিন,দৈনিক পত্রিকা,ষান্মাসিক পত্রিকা,A
পৃথিবীর সমস্ত তাপ ও শক্তির মূল উৎস কী?,MISC,1,3,মৌসুমি বায়ু,সূর্যের আলো,বৃষ্টিপাত,বায়ুমণ্ডল,B
বাংলাদেশের দ্বিতীয় সর্বোচ্চ শৃঙ্গের নাম কী?,Geography,1,1,তাজিওডং,কিওক্রাডং,পিরামিড,মোদকমুয়াল,B
বেইলী রোড এর নতুন নাম কি ?,Geography,1,1,থিয়েটার এভিনিউ,নাট্য সদন,নাটক সরণী,ব্রডওয়ে,C
সমুদ্রপৃষ্ঠের উচ্চতা বৃদ্ধির দিক থেকে ঝুঁকিপূর্ণ দেশ কোনটি?,Geography,1,1,মিশর,মালাউয়ি,কানাডা,নাইজার,A
বাংলাদেশের কোন অঞ্চলে বদ্বীপ অবস্থিত?,Geography,1,1,উত্তর-পূর্ব,দক্ষিণ-পূর্ব,উত্তর-পশ্চিম,দক্ষিণ-পশ্চিম,D
কোন জেলা ভারতের সীমান্তের সাথে নয়?,Geography,1,1,ঠাকুরগাঁও,রংপুর,নওয়াবগঞ্জ,বাগেরহাট,B
নদীভাঙনের কারণ কোনটি?,Geography,1,1,রাসায়নিক সার ব্যবহার,বৃক্ষ নিধন,স্টিমার চলাচল,কীটনাশক ব্যবহার,B
পৃথিবীর অন্যতম বৃহৎ বদ্বীপ কোনটি?,Geography,1,1,নেপাল,ভারত,মায়ানমার,বাংলাদেশ,D
পদ্মার উপনদী কোনটি?,Geography,1,1,ভৈরব,কুমার,মহানন্দা,মধুমতী,C
'হিমছড়ি' কোন শহরের নিকট অবস্থিত?,Geography,1,1,কক্সবাজার,খাগড়াছড়ি,রাঙ্গামাটি,কাপ্তাই,A
পৃথিবীর সবচেয়ে গভীরতম খাত কোনটি?,Geography,1,1,পোতা,ম্যারিয়ানা,পোর্টেরিকো,শুণ্ডা,B
 উপসাগরীয় স্রোতের উদ্ভব কোনটি থেকে?,Geography,1,1,পশ্চিম গ্রীনল্যান্ড স্নোত থেকে,ক্যানারি স্রোত থেকে,সুমেরু স্রোত থেকে,দক্ষিণ নিরক্ষীয় স্রোত থেকে,D
ময়নামতি কোথায় অবস্থিত?,Geography,1,1,রাজশাহী,কুমিল্লা,নটোর,বগুড়া,B
ভূত্বক ও গুরুমন্ডলের মাঝে একটি পাতলা স্তর রয়েছে তাকে কি বলে?,Geography,1,1,আন্ত:বিচ্ছেদ,মোহোবিচ্ছেদ,গুটেনবার্গ,বাহি:বিচ্ছেদ,B
১৮০º পূর্ব ও পশ্চিম দ্রাঘিমারেখাটি কী নামে পরিচিত?,Geography,1,1,মূল মধ্যরেখা,অক্ষরেখা,প্রতিপাদ স্থান,আন্তর্জাতিক তারিখ রেখা,D
বাংলাদেশের বৃহত্তম হাওড়-,Geography,1,1,পাথরচাওলি,হাইল,চলন বিল,হাকালুকি,D
বাংলাদেশের কোন জেলাটির সাথে ভারত ও মিয়ানমারের সীমানা রয়েছে?,Geography,1,1,চট্টগ্রাম,কক্সবাজার,রাঙ্গামাটি,পটুয়াখালী,C
বাংলাদেশের বৃহত্তম বা দীর্ঘতম নদী -,Geography,1,1,যমুনা,ব্রহ্মপুত্র,পদ্মা,মেঘনা,D
স্ট্রাটোমণ্ডলের বিস্তৃতি কত কিলোমিটার?,Geography,1,1,৮কিলোমিটার,৫০কিলোমিটার,১৯কিলোমিটার,১৬কিলোমিটার,B
বাংলাদেশের স্রোতজ বনভূমির বৃক্ষ কোনটি?,Geography,1,1,হিজল,কড়ই,গরান,বহেরা,C
চট্টগ্রাম ও রাঙামাটির প্রধান নদী কোনটা?,Geography,1,1,কর্ণফুলী,ভৈরব,বরাক,মেঘনা,A
বাংলাদেশে মেঘনা বিধৌত অঞ্চল কত বর্গকিলোমিটার?,Geography,2,2,29000,30000,29785,30775,C
ভারতীয় কোন রাজ্যের সাথে বাংলাদেশের কোনো সীমান্ত নাই ?,Geography,2,2,আসাম,মিজোরাম,ত্রিপুরা,নাগাল্যান্ড,D
(---) is known as the city of mosques.,Geography,2,2,Islamabad,2. Istambul,Dhaka,Jakarta,C
বাংলাদেশের উষ্ণ জলবায়ু ছেলেমেয়েদের ওপর কী প্রভাব ফেলেছে?,Geography,2,2,ইতিবাচক প্রভাব ফেলে,স্মৃতিশক্তি লোপ পায়,স্বাস্থ্যহীনতা বৃদ্ধি পায়,অপেক্ষাকৃত কম বয়সে সাবালক হয়,D
পদ্মার প্রধান উপনদী--,Geography,2,2,কুমার,মহানন্দা,গড়াই,আড়িয়াল খাঁ,B
অমাবস্যা তিথিতে চন্দ্র ও সূর্য পৃথিবীর সাথে কীভাবে অবস্থান করে?,Geography,2,2,সমকোণে,একই পার্শ্বে,সমসূত্রে,দুই পার্শ্বে,B
কোন স্থানে ব্রহ্মপুত্র নদ যমুনা ও পুরাতন ব্রহ্মপুত্র নদে বিভক্ত হয়েছে?,Geography,2,2,জামালপুর,কুড়িগ্রাম,দেওয়ানগঞ্জ,সিরাজগঞ্জ,C
অক্ষ অক্ষাংশের নামে পরিচিত হচ্ছে-,Geography,2,2,নিরক্ষীয় নিম্নচাপ বলয়,মেরুবৃত্তীয় নিম্নচাপ বলয়,উত্তর আটলান্টিকের শান্তবলয়,দক্ষিণ আটলান্টিকের শান্তবলয়,C
জাফলং ভূতাত্ত্বিক এঁতিহ্য-এর আয়তন কত?,Geography,2,2,২২.১০ একর,WED একর,২৩.২৫ একর,২৩.১০ একর,B
স্বণ্ণদ্বীপের পূর্ব নাম কি?,Geography,2,2,দুবলার চর,ময়নামতির চর,জাহাইজ্জার চর,চর জব্বার,C
"বায়ুমণ্ডদের কোন স্তরে মেঘ, কড়, বিদ্যুৎ ইত্যাদি দেখা যায় না?",Geography,2,2,মেসোপজ,ট্রপোপজ,মেসোস্ফিয়ার,ওজোনোস্ফিয়ার,B
বাংলাদেশের কুমার ও গড়াই কোন নদীর শাখানদী?,Geography,2,2,পদ্মা,যমুনা,ব্রহ্মপুত্র,মেঘনা,A
 নিচের কোনটি উষ্ণ উপসাগরীয় স্রোতের শাখা?,Geography,2,2,ক্যানারি স্রোত,সুমেরু স্রোত,ল্যাব্রাডর স্রোত,গিনি স্রোত,A
বাংলাদেশের ভূমিকম্পনীয় অঞ্চল কয়টি?,Geography,2,2,4,5,3,6,C
খামসীন বায়ু কখন প্রবাহিত হয়?,Geography,2,2,জানুয়ারি হতে মার্চ,অক্টোবর হতে ডিসেম্বর,জুলাই হতে সেপ্টেম্বর,এপ্রিল হতে জুন,D
জ্বলন্ত আগ্নেয়গিরি থেকে নির্গত ভস্ম ও লাভার সমন্বয়ে স্তরসমূহ দ্বারা কোন ধরনের আগ্নেয়গিরি গঠিত হয়?,Geography,2,2,সুপ্ত আগ্নেয়গিরি,মৃত আগ্নেয়গিরি,স্ট্র‍্যাটো আগ্নেয়গিরি,শিল্ড আগ্নেয়গিরি,C
রিখটার স্কেলের মাধ্যমে কী পরিমাপ করা হয়?,Geography,2,2,বারিপাত,ভূমিকম্পের তীব্রতা,বায়ুপ্রবাহের গতি,স্রোতের তীব্রতা,B
বায়ুমণ্ডলে সূর্যতাপের তারতম্য ঘটে কী কারণে?,Geography,2,2,সূর্যের অবস্থান ও অক্ষাংশভেদে,বার্ষিক গতি,আহ্নিক গতি,কর্কটক্রান্তি ও মকরক্রান্তি,A
বাংলাদেশের জলবায়ুকে কয়টি ঋতুতে ভাগ করা হয়েছে?,Geography,2,2,3,4,2,1,A
কোন পাহাড়টি স্থানীয় ভাবে টিলা নামে পরিচিত?,Geography,2,2,মোদকমুয়াল,চিকনাগুল,ক্রিওক্রাডং,তাজিংডং,B
প্রতিটি জোয়ারভাটার স্থিতিকাল হলো-,Geography,3,3,৮ ঘন্টা,৫ ঘন্টা,৬ ঘন্টা,৪ ঘন্টা,C
পৃথিবীর আকস্মিক পরিবর্তনের জন্য কয়টি ভূমিরূপের সৃষ্টি হয়?,Geography,3,3,নয়,তিন,দুই,চার,B
পিটার্সবার্গ নগরটি কোন দেশে অবস্থিত?,Geography,3,3,যুক্তরাজ্য,ফ্রান্স,সুইডেন,রাশিয়া,D
মাহির দেশের একটি বৃহৎ নদীর উপর নির্মিত বঙ্গবন্ধু সেতু দেখতে পায়। ১৭৮৭ সালে সংঘটিত ভূমিকম্পের ফলে সৃষ্ট নতুন স্রোতধারা নদীটিকে নতুন নামে পরিচিত করে। উদ্দীপকে কোন নদীটিকে ইঙ্গিত করা হয়েছে,Geography,3,3,পদ্মা,মেঘনা,যমুনা,কর্ণফুলী,C
দক্ষিণ আটলান্টিক মহাসাগরীয় স্রোত কোনটি?,Geography,3,3,উপসাগরীয় স্রোত,কুমেরু স্রোত,ল্যাব্রাডর স্রোত,ক্যানারি স্রোত,B
রাফিন ঢাকা থেকে একটি পার্বত্য এলাকায় বেড়াতে যায়। সেখানে সে লক্ষ্য করে লোক বসতি কম এবং বাড়িঘর গুলো দূরে দূরে অবস্থিত। অন্যদিকে ঢাকায় লোক বসতি খুবই বেশি এবং বাড়িঘর গুলো খুবই কাছাকাছি। রাস্তাঘাটে হাঁটার চলা কষ্টকর। রাফিনের বেড়াতে যাওয়ার স্থানটিতে লোক বসতি কম হওয়ার কারণ i. জীবিকার সংস্থান কষ্টসাধ্য ii. অনুন্নত জাতের ব্যবস্থা iii. অসমতল ভূমিরূপ,Geography,3,3,"i,ii","i,iii","ii,iii","i,ii,iii",D
চলন বিল কোথায় অবস্থিত?,Geography,3,3,নাটোর,নাটোর ও বগুড়া,পাবনা ও নাটোর,সিরাজগঞ্জ ও নাটোর,C
কাঁচ তৈরিতে কাঁচামাল রূপে ব্যবহৃত হয়- i. প্রাকৃতিক গ্যাস ii. নদীর স্রোত iii. সিলিকা বালু নিচের কোনটি সঠিক?,Geography,3,3,i,ii, iii,"i, ii ও iii",C
পুরাতন ব্রহ্মপুত্র নদটি কোন জেলার উপর দিয়ে প্রবাহিত ?,Geography,3,3,জামালপুর,সিরাজগঞ্জ,মানিকগঞ্জ,ময়মনসিংহ,D
'দুবলার চর' কোথায় অবস্থিত ?,Geography,3,3,সেন্টমাটিনে,সুন্দরবনের দক্ষিন উপকূলে,ভোলা জেলায়,মাধবকুণ্ডের পাশে,B
Which is the largest riverine delta in the world ?,Geography,3,3,Bangladesh,Vietnam,Egypt,Laos,A
বাংলাদেশে কত জাতের উভচর আছে?,Geography,3,3,124,24,19,119,C
আমাদের দেশে আমরা যে মৌজা মানচিত্র দেখতে পাই তা কোন ধরনের মানচিত্রের অন্তর্ভুক্ত?,Geography,3,3,ক্যাডাস্ট্রাল,এটলাস,ভূসংস্থানিক,দেওয়াল,A
নিচের কোন কাজের ক্ষেত্রে 'জিআইএস' প্রযোজ্য?,Geography,3,3,আঞ্চলিক গবেষণায়,জাতীয় আয় বৃদ্ধিতে,জনসংখ্যা গণনায়,তথ্য ব্যবস্থাপনায়,A
দিনের ও রাতের আলোর বিশেষ তারতম্য থাকে না কোন গ্রহের?,Geography,3,3,মঙ্গল,শুক্র,শনি,বুধ,B
পুকুরে নতুন কীটপতঙ্গ জন্মালে কী হয়?,Geography,3,3,পানি দুর্গন্ধ হবে,মাছের খাদ্য কমবে,পানিতে অক্সিজেন হ্রাস পাবে,পানি দূষণ হবে,C
উপকূলীয় অঞ্চলে নিমায় বসাক মাছ ধরে জীবিকা নির্বাহ করত। কিন্তু ঘূর্ণিঝড়ের প্রকোপে সবকিছু হারিয়ে বর্তমানে সে ঢাকা শহরে রিকশা চালাচ্ছে। উক্ত কারণের ফলে I. সর্বত্র তাপমাত্রা বৃদ্ধি পাচ্ছে Ii. সময় মত ঋতু পরিবর্তন হচ্ছে না iii.বিলুপ্ত হচ্ছে জীববৈচিত্র,Geography,3,3,"i,ii","i,iii","ii,iii","i,ii,iii",D
ভূমিকম্পের বিপজ্জনক বলয়ে অবস্থিত কোন জেলা?,Geography,3,3,ঢাকা,খুলনা,চট্রগ্রাম,বরিশাল,A
পূর্বাশা দ্বীপের অপর নাম-,Geography,3,3,নিবুম দ্বীপ,সেন্টমাটিন,দক্ষিণ OAS,কুতুবদিয়া,C
সমুদ্রের গভীরতা মাপা হয় কীসের সাহায্যে?,Geography,3,3,বেতার তরঙ্গ,ব্যারোমিটার,শব্দ তরঙ্গ,সেক্সট্যান্ট,C
বাংলাদেশের যেসব প্রাণীর অস্তিত্ব হুমকির তালিকায় রয়েছে- i. হাতি ও অজগর  ii. কুমির ও ঘড়িয়াল iii. রয়েল বেঙ্গল টাইগার ও চিতাবাঘ  নিচের কোনটি সঠিক?,Geography,4,4,i ও iii,i ও ii,ii ও iii,"i, ii ও iii",D
নিম্নগতিতে নদীর- i. স্রোতের গতি বেড়ে যায়  ii. গভীরতা কমে যায়  iii. পার্শ্বক্ষয় হ্রাস পায় নিচের কোনটি সঠিক?,Geography,4,4,i ও iii,"i, ii ও iii",i ও ii,ii ও iii,D
"তুলা, চা, ডাল, মরিচের উৎপাদন বেশ ভালো হয় - i. ভারতে ii. বাংলাদেশে iii. মিয়ানমারে নিচের কোনটি সঠিক?",Geography,4,4,i ও ii,ii ও iii,i ও iii,"i, ii ও iii",C
খুলনার দুবলার দ্বীপের বাসিন্দা আবদার তাদের গ্রামে পিক দিয়ে বয়ে গেছে একটি নদী। এই নদী পথে সে খুলনা বরিশাল রুটে বরিশাল আসে যেহেতু সে তার বাবার চাকরির কারণে বরিশালে পড়াশোনা করে। উক্ত নদীর তীরে অবস্থিত বন্দরের নাম কি,Geography,4,4,চট্টগ্রাম,মংলা,নোয়াপাড়া,আশুগঞ্জ,B
ভূপৃষ্ঠের ধীর পরিবর্তন সংগঠনে ভূমিকা রাখে- i. আগ্নেয়গিরি ii. হিমবাহ iii. বৃষ্টিপাত নিচের কোনটি সঠিক?,Geography,4,4,i ও ii,i ও iii,ii ও iii,"i, ii ও iii",C
সমুদ্রের গভীরতার সঙ্গে সম্পর্কিত হলো- i. তাপমাত্রা  ii. সমুদ্রস্রোত iii. লবণাক্ততা নিচের কোনটি সঠিক?,Geography,4,4,"i, ii ও iii",i ও iii,i ও ii,ii ও iii,A
মানচিত্রের ভাষা হচ্ছে- i. রঙ ii. রেখা iii. সংকেত নিচের কোনটি সঠিক?,Geography,4,4,"i, ii ও iii",i ও ii,ii ও iii,i ও iii,A
টারশিয়ারি যুগে- i. মহাসাগরগুলো সৃষ্টি হয় ii. দেশের দক্ষণি-পূর্বাঞ্চলের পাহাড়সমূহ সৃষ্টি হয় iii. হিমালয় পর্বত উত্থিত হয় নিচের কোনটি সঠিক?,Geography,4,4,i ও ii,i ও iii,ii ও iii,"i, ii ও iii",D
ক নদীটি দেশের পশ্চিম সীমানা দিয়ে এবং খ নদী টি দেশের উত্তর সীমানা দিয়ে বাংলাদেশের প্রবেশ করেছে। খ একটি উপনদী হলেও সেচ ব্যবস্থার জন্য গুরুত্বপূর্ণ। উভয় নদীতে ভারত একাধিক স্থানে বাঁধ নির্মাণ করেছে এবং অতিরিক্ত পানি প্রত্যাহার করে নিচ্ছে। উদ্দীপকের খ নদীটি কোন নদীর উপনদী,Geography,4,4,ব্রহ্মপুত্র,পদ্মা,মেঘনা,কর্ণফুলী,C
পানির বিভিন্ন রূপ হলো- i. তরল ii. কঠিন iii. বর্ণহীন  নিচের কোনটি সঠিক?,Geography,4,4,i ও ii,i ও iii,"i, ii ও iii",ii ও iii,C
"রাজধানী ঢাকাতে ভূমিকম্পজনিত ঝুঁকি বাড়ছে, কারণ- i. অপরিকল্পিত নগরায়ণ ii. খোলা জায়গার অভাব iii. সরু গলিপথ নিচের কোনটি সঠিক?",Geography,4,4,i ও ii,i ও iii,ii ও iii,"i, ii ও iii",D
কেন্দ্রমণ্ডলের উপাদান হচ্ছে- i. লোহা ও নিকেল ii. অক্সিজেন ও অ্যালুমিনিয়াম  iii. পারদ ও সিসা নিচের কোনটি সঠিক?,Geography,4,4,i ও iii,i ও ii,ii ও iii,"i, ii ও iii",A
"বাংলাদেশে যখন চরম গরম অনুভব হয়, তখন দক্ষিণ গোলার্ধে- i. দিন ছোট হয় ii. শীতকাল বিরাজ করে  iii. সূর্য লম্বভাবে কিরণ দেয়  নিচের কোনটি সঠিক?",Geography,4,4,i ও iii,ii ও iii,"i, ii ও iii",i ও ii,D
বায়ুর আর্দ্রতা প্রকাশ করা যায়- i. পরম আর্দ্রতায় ii. নিরপেক্ষ আর্দ্রতায় iii. আপেক্ষিক আর্দ্রতায় নিচের কোনটি সঠিক?,Geography,4,4,i ও iii,ii,i,i ও ii,A
বাংলাদেশের গ্রীষ্মকালের বৈশিষ্ট্য হলো- i. কালবৈশাখী ঝড় সংঘটিত হয় ii. সূর্য কর্কটক্রান্তির উপর লম্বভাবে কিরণ দেয় iii. তাপমাত্রা সহনশীল থাকে নিচের কোনটি সঠিক?,Geography,4,4,i ও ii,i ও iii,ii ও iii,"i, ii ও iii",A
প্লেটের গতির কারণ- i. পরিচলন স্রোত ii. ধাক্কা পদ্ধতি iii. আকর্ষণ পদ্ধতি নিচের কোনটি সঠিক?,Geography,4,4,i ও ii,i ও iii,ii ও iii,"i, ii ও iii",D
বাংলাদেশে ভূমিকম্পের সম্ভাবনা বাড়ছে- i. ভূস্থিতির ফলে ii. পাহাড় কাটার ফলে iii. মানুষ বাড়ার কারণে নিচের কোনটি সঠিক?,Geography,4,4,i ও ii,i ও iii,ii ও iii,"i, ii ও iii",A
শীতকালে x মামার চাকরির স্থল থেকে চট্টগ্রাম বেড়াতে এসে মামার সাথে একটি নদীতে নৌকা ভ্রমনে যায়। মামা তাকে বলে নদীটির অর্থনৈতিক গুরুত্ব অনেক। X নদীর দু'পাশে সবুজ বনভূমি দেখে মুগ্ধ হয়। X এর ভ্রমণকৃত নদীটির নাম কি,Geography,4,4,কর্ণফুলী,নাফ,মাতামোহরি,সাঙ্গু,C
সমুদ্র সমতল থেকে যত উপরে যাওয়া যায় বায়ুর- i. ঘনত্ব বৃদ্ধি পায় ii. তাপমাত্রা হ্রাস পায় iii. ঘনত্ব কমে যায় নিচের কোনটি সঠিক?,Geography,4,4,i ও ii,ii ও iii,i ও iii,"i, ii ও iii",B
ফুয়াদ ‘ক’ নদীর তীরে বসবাস করে যা দীর্ঘ পথ অতিক্রম করে বাংলাদেশে প্রবেশ করেছে। একটি প্রাকৃতিক দুর্যোগ নদীটির একটি নতুন ধারার জন্ম দেয়। ফুয়াদের এলাকায় একটি জঙ্গল আছে যা বিভিন্ন গাছে পূর্ণ। সে এই জঙ্গলের একটি বিশেষ বৈশিষ্ট্য লক্ষ্য করে যা এটিকে অন্যান্য জঙ্গল থেকে আলাদা করেছে। ’ক’ নদীটির নাম কি,Geography,4,4,যমুনা,ব্রহ্মপুত্র,পদ্মা,মেঘনা,B
মাহির দেশের একটি বৃহৎ নদীর উপর নির্মিত বঙ্গবন্ধু সেতু দেখতে পায়। ১৭৮৭ সালে সংঘটিত ভূমিকম্পের ফলে সৃষ্ট নতুন স্রোতধারা নদীটিকে নতুন নামে পরিচিত করে। উক্ত নদী বৈশিষ্ট্য হল i. এর উৎপত্তি তিব্বতের মানস সরবরে ii. এর উপনদী হলো করতোয়া ও আত্রাই iii. এটি সীমান্ত নদী হিসেবে পরিচিত,Geography,5,5,"i,ii","i,iii","ii,iii","i,ii,iii",A
তার বাবার সাথে বাংলাদেশের দক্ষিণ পূর্বাঞ্চলে বেড়াতে যায় সে লক্ষ্য করে একটি নদীর পানি ব্যবহার করে বিদ্যুৎ উৎপাদন করা হচ্ছে এবং বিভিন্ন স্থানে সরবরাহ করা হচ্ছে। সোহেলের দেখা নদীর গুরুত্ব বেশি কারণ i.পানি বিদ্যুৎ কেন্দ্রের জন্য ii.চট্টগ্রাম বন্দরের জন্য iii.বাংলাদেশে অর্থনীতিতে ভূমিকা রাখার জন্য,Geography,5,5,"i,ii","ii,iii","i,iii","i,ii,iii",D
মিনা ও মানিক দুই ভাইবোন।তারা শীতের ছুটিতে বেড়াতে যায়। মানিক তার মার সাথে দেশের উত্তর পূর্বাঞ্চলে পাহাড় দেখতে যায়। আর মিনা বাবার সাথে যায় বরেন্দ্রভূমি দেখতে। মিনার বেড়ানো যায়গাটির মূল বৈশিষ্ট্য হল I. লালচে মাটি ii . নুড়ি ও বালি মিশ্রিত মাটি Iii. সবুজ প্রকৃতি,Geography,5,5,"i,ii","i,iii","ii,iii","i,ii,iii",A
ক নদীটি দেশের পশ্চিম সীমানা দিয়ে এবং খ নদী টি দেশের উত্তর সীমানা দিয়ে বাংলাদেশের প্রবেশ করেছে। খ একটি উপনদী হলেও সেচ ব্যবস্থার জন্য গুরুত্বপূর্ণ। উভয় নদীতে ভারত একাধিক স্থানে বাঁধ নির্মাণ করেছে এবং অতিরিক্ত পানি প্রত্যাহার করে নিচ্ছে। ক নদীর বাঁধের জন্য বাংলাদেশের i. জীববৈচিত্র হুমকির সম্মুখীন ii. যোগাযোগ ব্যবস্থা ব্যাহত হচ্ছে iii. মানুষের প্রেসার পরিবর্তন হচ্ছে,Geography,5,5,"i,ii","i,iii","ii,iii","i,ii,iii",D
সূর্য পৃথিবী থেকে দূরে অবস্থান করলে সেই অবস্থাকে কী বলে?,Geography,1,3,অপসূর,অনসূর,দক্ষিণায়ন,উত্তরায়ণ,A
টেলিগ্রাফ মালভূমির অবস্থান কোথায়?,Geography,2,2,ব্রিটিশ দ্বীপপুঞ্জের পূর্বে,ব্রিটিশ দ্বীপপুঞ্জের উত্তরে,ব্রিটিশ দ্বীপপুঞ্জের দক্ষিণে,ব্রিটিশ দ্বীপপুঞ্জের পশ্চিমে,D
নিম্ন আকাশের মেঘ কোনটি?,Geography,2,5,সিরোস্ট্যাটাস,নিম্বস্ট্যাটাস,অল্টোকিউমুলাস,অক্টোস্ট্যাটাস,B
ভূগোলের জনক কে?,Geography,1,3,এরিস্টটল,ভিকো,ইরাটসথেনিস,হেরোডোটাস,C
ভূমিকম্পের বিপজ্জনক বলয়ে অবস্থিত কোন জেলা?,Geography,3,3,ঢাকা,খুলনা,চট্রগ্রাম,বরিশাল,A
বর্ষার পানিতে পরিপূর্ণ হয়ে হ্রদের আকার ধারণ করে- i. চলনবিল  ii. রংপুরের বিল iii. সিলেট অঞ্চলের হাওড় নিচের কোনটি সঠিক?,Geography,4,5,"i, ii ও iii",ii ও iii,i ও ii,i ও iii,D
কোনটি বিহিত মুদ্রা?,Economics,1,1,প্রাইজবন্ড,ব্যাংক ড্রাফট,ব্যাংক চেক,নগদ অর্থ,D
ডলার কোন দেশের মুদ্রা?,Economics,1,1,বাংলাদেশ,আমেরিকা,ভারত,পাকিস্তান,B
জমির চাহিদার সাথে খাজনার সম্পর্ক –,Economics,1,1,ব্যস্তানুপাতিক,সমমুখী,বিপরীতমুখী,সমানুপাতিক,B
"কৃষিক্ষেত্রে উন্নত জাতের বীজ, সার, সেচ ইত্যাদিতে কোনটির অবদান বেশি?",Economics,1,1,প্রযুক্তির;,শিক্ষার;,যোগাযোগ;,সংস্কৃতির;,A
আধুনিক অর্থনীতিতে বিনিময়ের মাধ্যম হিসেবে সর্বজন স্বীকৃত কোনটি?,Economics,1,1,অর্থ,দ্রব্য,স্বর্ণ,রৌপ্য,A
যোগানবিধি অনুযায়ী দ্রব্যের যোগান কীসের উপর নির্ভরশীল?,Economics,1,1,উৎপাদনের পরিমাণের উপর,উৎপাদন খরচের উপর,দ্রব্যের দামের উপর,ক্রেতার চাহিদার উপর,C
কোনো দ্রব্যের অভাব পূরণের ক্ষমতাকে কি বলে?,Economics,1,1,উপযোগ,চাহিদা,বন্টন,উৎপাদন,A
সংগঠন কিসের ভিত্তি?,Economics,1,1,ব্যবসায়ের,মালিকানার,চাকুরির,শিল্পের,A
প্রাক-শিল্প যুগের অর্থকেন্দ্রিক সমস্যার সাথে বর্তমানে কোনটি যুক্ত হয়েছে?,Economics,1,1,মানসিক সমস্যা,অর্থনৈতিক সমস্যা,রাজনৈতিক সমস্যা,পেশা নির্বাচনের সমস্যা,A
যে মূলধন একবার ব্যবহারে নি:শেষ হয়ে যায় তাকে কী বলে?,Economics,1,1,নিমজ্জমান মূলধন,চলতি মূলধন,আবদ্ধ মূলধন,স্থায়ী মূলধন,B
উন্নয়ন কী?,Economics,1,1,প্রবৃদ্ধির একটি অংশ,মাথাপিছু আয় বৃদ্ধি,জাতীয় আয় বৃদ্ধি,প্রবৃদ্ধির সাথে অন্যান্য বিষয়ের সুফল,D
অর্থের প্রথম ও প্রধান কাজ কোনটি?,Economics,1,1,বিনিমায়ের মাধ্যম হিসেবে ব্যবহৃত হওয়া,দ্রব্য ভাগের অসুবিধা দূর করা,সঞ্চয়ের বাহন হিসেবে ব্যবহৃত হওয়া,মূল্যের পরিমাপক হিসেবে ব্যবহৃত হওয়া,A
উৎপাদন ক্ষেত্রে মৌলিক উপকরণ-,Economics,1,1,১টি,২টি,৩টি,৪টি,D
কোন দেশটি নিম্ন-মধ্য আয়ের দেশ?;,Economics,1,1,শ্রীলঙ্কা ;,জার্মানি,জাপান ;,;চীন,A
কোন অর্থনৈতিক রাষ্ট্রীয় ব্যবস্থায় জনগণের মতপ্রকাশের সুযোগ থাকে না?,Economics,1,1,সমাজতান্ত্রিক,একনায়কতান্ত্রিক,গণতান্ত্রিক,এককেন্দ্রিক,A
ভারসাম্য দামে যে পরিমাণ কেনাবেচা হয় তা কী?,Economics,1,1,ভারসাম্য চাহিদা,ভারসাম্য দাম,ভারসাম্য পরিমাণ,কোনটিই নয়,C
বিনিমায়ের সবচেয়ে সহজ ও সুবিধাজনক মাধ্যম কোনটি?,Economics,1,1,অর্থ,দ্রব্য,শ্রম,সম্পত্তি,A
কোনটি কৃষি বহির্ভূত অর্থনৈতিক কাজ?,Economics,1,1,পশুপালন,ফল বিক্রি,মাছ ধরা,মিষ্টি তৈরি,D
প্রকাশ্য ব্যয় কোনটি?,Economics,1,1,অফিস তৈরি,মালিকের আয়,মালিকের ব্যয়,মূলধনের সুদ,D
"জাতিসংঘের কোন উপদেষ্টা বলেন, 'যে সমস্ত দেশে সুশাসন আছে কেবল সে সমস্ত দেশেই ঋণ মওকুফ করা হবে'?",Economics,1,1,বান কি মুন,ইব্রাহিব গানবারি,পিয়েরে ট্রুডো,নেলসন মেন্ডেলা,B
ব্যবসায়িক উদ্দেশ্যে জনাব করিম ঢাকা থেকে থেকে চট্টগ্রামে মূলধন স্থানান্তর করেন।এটি মূলধনের কোন ধরনের গতিশীলতা?,Economics,2,2,শিল্পগত,ভৌগলিক,আন্তর্জাতিক,অভ্যন্তরীণ,D
কোন ব্যাংক বিশেষ ঋণ দানকারী সংস্থা?,Economics,2,2,সোনালী ব্যাংক,অগ্রণী ব্যাংক,গ্রামীণ ব্যাংক,বাংলাদেশ ব্যাংক,C
মাত্রাগত উৎপাদন কত প্রকার?,Economics,2,2,4,5,3,2,C
বড়পুকুরিয়া কয়লা খনি থেকে দৈনিক কী পরিমাণ কয়লা উত্তোলিত হয়?,Economics,2,2,৫০০০ মেট্রিক টন,৪০০০ মেট্রিক টন,৬০০০ মেট্রিক টন,৩০০০ মেট্রিক টন,D
ভূমি রাজস্ব খাতে সরকারের আয় হ্রাস পেয়েছে কেন?,Economics,2,2,জমির খাজনা ১০ বিঘা পর্যন্ত মওকুফ করার জন্য,জমির খাজনা ১৫ বিঘা পর্যন্ত মওকুফ করার জন্য,জমির খাজনা ২০ বিঘা পর্যন্ত মওকুফ করার জন্য,জমির খাজনা ২৫ বিঘা পর্যন্ত মওকুফ করার জন্য,D
স্বাধীনতার পর জাতীয় আয়ের কত ভাগ কৃষি খাত থেকে আসত?,Economics,2,2,অর্ধেকের বেশি,অর্ধেক,শত ভাগ,অর্ধেকের চেয়ে কম,A
জাতীয় আয় গণনার সময় কোন পর্যায়ের দ্রব্য ও সেবা বিবেচিত হয়?,Economics,2,2,মূলধনী,চূড়ান্ত,মাধ্যমিক,প্রাথমিক,B
"মোট উৎপাদন ব্যয় ৫ একক, মোট স্থির ব্যয় ৫ একক, এবং মোট পরিবর্তনশীল ব্যয় ২০ একক হলে, গড় ব্যয় কত?",Economics,2,2,5,10,4,10,A
(W ÷ P) সূত্রটি নির্দেশ করে?,Economics,2,2,প্রকৃত মজুরি,নিট মজুরি,নিবর্তনমূলক মজুরি,মোট মজুরি,A
বাংলাদেশের মুদ্রাস্ফীতি নিয়ন্ত্রণে কয়টি নীতির মাধ্যমে পদক্ষেপ নেওয়া যায়?,Economics,2,2,2,3,4,5,B
কাগজি মুদ্রা কে কয় ভাগে ভাগ করা যায়?,Economics,2,2,2,3,4,5,A
কোনটি বিশেষ আর্থিক প্রতিষ্ঠান?,Economics,2,2,সোনালী ব্যাংক,অগ্রণী ব্যাংক,কৃষি ব্যাংক,ইসলামী ব্যাংক,C
কেন্দ্রীয় ব্যাংকের প্রধান কাজ কোনটি?,Economics,2,2,ঋণদান,মুদ্রা প্রচলন,বৈদেশিক বাণিজ্য,মুনাফা অর্জন,B
"শিল্পায়ন, নগরায়ণ, ব্যবসায়-বাণিজ্য মূলত কোনটিকে কেন্দ্র করে গড়ে উঠেছে?",Economics,2,2,মালভূমি,সমভূমি,নিম্নভূমি,পতিত ভূমি,B
আধুনিক খাজনা তত্ত্বে খাজনা কিসের দ্বারা নির্ধারিত হয়?,Economics,2,2,ভূমির চাহিদা > ভূমির যোগান,ভূমির চাহিদা = ভূমির যোগান,ভূমির চাহিদা < ভূমির যোগান,ভূমির চাহিদা ÷ ভূমির যোগান,B
কোন ধরনের দ্রব্যের বাজার অতি স্বল্পকালীন হয়?,Economics,2,2,পূর্ণ প্রতিযোগিতার,শ্রম,পচনশীল দ্রব্যের,উপকরণ,C
মোট জাতীয় উৎপাদন হিসাব করতে কী গণনা করা হয়?,Economics,2,2,কেবল বিদেশে অবস্থানরত নাগরিকদের উৎপাদন,দেশি এবং বিদেশি নাগরিকদের উৎপাদন,দেশে এবং বিদেশে অবস্থানরত নাগরিকদের উৎপাদন,শুধুমাত্র দেশে অবস্থানরত নাগরিকদের উৎপাদন,C
২০১০-১১ সালে কত লক্ষ মেট্রিক টন খাদ্যশস্য উৎপাদিত হয়েছে?,Economics,2,2,360.65,366.61,৩৬৮.৭২;,370.24,A
কোনটি স্থির খরচের অন্তর্ভূক্ত?,Economics,2,2,বাজার খরচ,পরিবহন খরচ,কারখানা ভাড়া,কাঁচামালের জন্য খরচ,C
কোনটি রাজস্ব বহির্ভূত আয়?,Economics,2,2,মূল্য সংযোজন কর,সরকারি ঋণ,আয়কর,আবগারি শুল্ক,B
বাণিজ্যিক ব্যাংকসমূহ বাণিজ্যিক লাভের উদ্দেশ্যে কোন ধরনের ঋণ প্রদান করে?,Economics,3,3,দীর্ঘমেয়াদি,মধ্যমেয়াদি,স্বল্পমেয়াদি,বার্ষিক,C
"যে কাগজি মুদ্রার পরিবর্তে সরকারের কাছ থেকে কোন ধাতব মুদ্রা বা সোনা, রুপা পাওয়া যায় না তাকে রূপান্তর অযোগ্য মুদ্রা বলে। কেবল সরকারের আদেশে এরকম কাগজি নোট বাজারে চালু থাকে এর প্রেক্ষিতে কোনগুলো জাতীয় মুদ্রা?",Economics,3,3,১০ ও ২০ টাকার নোট,৫০ পয়সা,১০০ টাকার নোট,১ টাকা ও ২ টাকার নোট,D
মাথাপিছু আয়ের ভিত্তিতে তুরস্ক কোন ধরনের দেশ?;,Economics,3,3,উচ্চ-মধ্য আয়ের দেশ;;,নিম্ন মধ্য আয়ের দেশ,উচ্চ আয়ের,নিম্ন আয়ের দেশ,A
পরিমাণগত ঋণ নিয়ন্ত্রণে কেন্দ্রীয়  ব্যাংক কয়টি হাতিয়ার ব্যবহার করে?,Economics,3,3,২টি,৬টি,৩টি,১টি,C
ব্যাংক কিসের ভিত্তিতে ঋণপত্র প্রচলন করে?,Economics,3,3,গ্রাহক সংখ্যার,আমানত হিসাবে রক্ষিত নগদ অর্থে,মানুষের চাহিদার,ব্যাংকের মূলধনের,B
আয় পদ্ধতিতে কয়টি উপকরণের প্রাপ্ত মূল্য যোগ করা হয়?,Economics,3,3,২টি,৩টি,৪টি,৫টি,C
দ্রব্যসামগ্রীর দাম বাজার প্রক্রিয়ার মাধ্যমে স্বয়ংক্রিয়ভাবে নির্ধারিত হয় কোন অর্থব্যবস্থায়?,Economics,3,3,নির্দেশক,ইসলামী,ধনতান্ত্রিক,সমাজতান্ত্রিক,C
বাণিজ্যিক ব্যাংকের কাজ হলো- i. নোট প্রচলন করা; ii ঋণ প্রদান iii. সঞ্চয় জমা রাখা নিচের কোনটি সঠিক?,Economics,3,3,i ও ii,i ও iii,ii ও iii,"i, ii ও iii",C
প্রশিকার ঋণ আদায়ের হার কত?,Economics,3,3,99.60%,99.99%,99.70%,99.50%,D
বৃহৎ আকারের উৎপাদনের জন্য কোন উপকরণটি সবচেয়ে গুরুত্বপূর্ণ?,Economics,3,3,ভূমি,শ্রম,মূলধন,সংগঠন,C
বাংলাদেশের মূলধন গঠনে বৃহৎ অংশ আসে কোন উৎস থেকে?,Economics,3,3,অতিরিক্ত কর আরোপ,বেসরকারি সঞ্চয়,ঘাটতি ব্যয়,বৈদেশিক সাহায্য,D
২০১১-১২ অর্থবছরে জনস্বাস্থ্য খাতে বাংলাদেশ সরকারের ব্যয় কত কোটি টাকা?,Economics,3,3,"৭,১০২","৮,১৬৯","৮,৮৬৮","৯,৮৬২",B
২০১১-১২ অর্থবছরে প্রতিরক্ষা খাতে সরকারি ব্যয়ের পরিমাণ কত?,Economics,3,3,"১০,২৩৭ কোটি টাকা","১১,৭৫৯ কোটি টাকা","১২,৩৫৩ কোটি টাকা","১২,২৪০ কোটি টাকা",D
“সূচক সংখ্যা হলো একটি বিশেষ বৈশিষ্ট্যপূর্ণ গড়।”- উক্তিটি কার?,Economics,3,3,ব্লেয়ার,ক্রাউথার,পিগু,কেইন্স,A
মূলধনের গঠন নির্ভর করে— i. সঞ্চয়ের সামর্থ্য ii. সঞ্চয়ের ইচ্ছা iii. ভোগ বৃদ্ধি নিচের কোনটি সঠিক?,Economics,3,3,i ও ii,i ও iii,ii ও iii,"i, ii ও iii",A
বাংলাদেশে কার্যরত কোন ব্যাংকে কৃষিঋণ কার্যক্রম অন্তর্ভুক্ত করার জন্য ঋণ নীতিমালা ও কর্মসূচি প্রণয়ন করা হয়েছে?,Economics,3,3,ইসলামি ব্যাংক,গ্রামীণ ব্যাংক,সকল তফসিলি ব্যাংক,কৃষি ব্যাংক,C
মোট দেশজ উৎপাদন + বিদেশে অবস্থানরত দেশি জনগণের আয় – দেশে অবস্থানরত বিদেশিদের আয় =?,Economics,3,3,মোট জাতীয় উৎপাদন;,মোট জাতীয় আয়,মোট দেশজ উৎপাদন;,মোট আয়,A
জনসংখ্যা ও খাজনার মধ্যে সম্পর্ক কীরূপ?,Economics,3,3,ত্রিমুখী,কোনোটিই নয়,দ্বিমুখী,সমমুখী,D
বাজার যোগান রেখার আকৃতি কেমন?,Economics,3,3,ডানদিকে উর্ধ্বগামী,বামদিকে উর্ধ্বগামী,ডানদিকে নিম্নগামী,বামদিকে নিম্নগামী,A
সূচকের সাহায্যে মুদ্রাস্ফীতি পরিমাপের পদ্ধতিগুলো হলো- i. ভোক্তার মূল্যসূচক ii. উৎপাদকের মূল্যসূচক iii. অব্যক্ত অবমূল্যায়ন সূচক নিচের কোনটি সঠিক?,Economics,3,3,i ও  ii,i ও  iii,ii ও  iii,"i, ii ও  iii",D
মুদ্রাস্ফীতির অন্যতম বৈশিষ্ট্য হলো- i. দামস্তর বৃদ্ধি পাবে ii. অর্থের ক্রয়ক্ষমতা কমতে থাকে iii. অধিক অর্থের দ্বারা স্বল্প দ্রব্য ও সেবা নিচের কোনটি সঠিক? ,Economics,4,4,i ও  ii,ii ও  iii,i ও  iii,"i, ii ও  iii",D
জনসংখ্যা বৃদ্ধির ফলে- i. মাথাপিছু আয় বৃদ্ধি পায় ii. দারিদ্রতা বৃদ্ধি পায়  iii. অপুষ্টি ও স্বাস্থ্যহীনতা বৃদ্ধি পায়  নিচের কোনটি সঠিক? ,Economics,4,4,i ও  ii,ii ও  iii,i ও  iii,"i, ii ও  iii",B
কেন্দ্রীয় ব্যাংকের কার্যবলি কোনটি?,Economics,4,4,ঋণ দান,আমানত গ্রহণ,বিল বাট্টাকরণ,নোট প্রচলন,D
বাণিজ্যিক ব্যাংক ক্রেতা-বিক্রেতাদের দেনা-পাওনা নিষ্পত্তিতে সাহায্য করে-; i. অভ্যন্তরীণ বাণিজ্যের ক্ষেত্রে ii. বৈদেশিক বাণিজ্যের ক্ষেত্রে iii. কেন্দ্রীয় ব্যাংককে ঋণ দানের ক্ষেত্রে নিচের কোনটি সঠিক?,Economics,4,4,ii ও iii,i ও ii,i ও iii,"i, ii ও iii",B
বিনিয়োগ বৃদ্ধির ফলে i. উৎপাদন বৃদ্ধি পায়  ii. বেকারত্ব কমে আসে iii. অর্থনৈতিক উন্নয়ন হয়  নিচের কোনটি সঠিক?,Economics,4,4,i ও  ii,i ও  iii,ii ও  iii,"i, ii ও  iii",D
আবগারি শুল্ক ধার্য করা হয়- i. সিগারেট ii. কেরোসিন iii. তামাক,Economics,4,4,i ও ii,ii ও iii,i ও iii,"i, ii ও iii",D
৫০ পয়সার মুদ্রা কে বলে- i. অসীম বিহিত মুদ্রা ii. সসীম বিহিত মুদ্রা iii. মুদ্রা,Economics,4,4,i,ii,iii,i ও iii,B
সুষম বাজেট প্রণয়নের সুবিধা হল- i. অর্থনৈতিক স্থিতিশীলতা বজায় থাকে ii. বেকারত্ব দূর করা সহজতর হয় iii. মুদ্রাস্ফীতির সম্ভাবনা কম থাকে,Economics,4,4,i ও ii,i ও iii,ii ও iii,"i, ii ও iii",B
জাতীয় উৎপাদন পরিমাপ করা যায়- i.;উৎপাদিত দ্রব্যসামগ্রী ও সেবা হিসেবে ii.;উৎপাদনের উপকরণের অর্জিত আয় হিসেবে iii.;সমাজের মোট ব্যয় হিসেবে নিচের কোনটি সঠিক?,Economics,4,4,i ও ii,i ও iii,ii ও iii,"i, ii ও iii",D
উন্নত দেশ হলো- i. সুইডেন; ii. যুক্তরাজ্য iii. নরওয়ে নিচের কোনটি সঠিক?,Economics,4,4,i ও ii,i ও iii,ii ও iii,"i, ii ও iii",D
মূলধন বাজেটের মূল্য লক্ষ হলো- i. অর্থনৈতিক উন্নয়ন সাধন করা ii. সামাজিক উন্নয়ন সাধন করা iii. রাজনৈতিক উন্নয়ন সাধন করা,Economics,4,4,i ও ii,i ও iii,ii ও iii,"i, ii ও iii",A
মিশ্র অর্থনীতির বৈশিষ্ট্য- i. সম্পদের ব্যাক্তিগত ও সরকারি মালিকানা ii. মুনাফা অর্জন iii. ভোক্তার স্বাধীনতা নিচের কোনটি সঠিক?,Economics,4,4,"i, ii ও  iii",ii ও  iii,i ও  iii,i ও  ii,A
"মুনাফা সর্বোচ্চকরণের আধুনিক পদ্ধতিতে শর্ত হলো— i. MR = MC ii. TR > TC iii. MR = MC, MR রেখার ঢাল < MC রেখার ঢাল নিচের কোনটি সঠিক?",Economics,4,4,i ও ii,i ও iii,ii ও iii,"i, ii ও iii",B
দেশের অবকাঠামোগত উন্নয়নের শ্রেণিভুক্ত - i. মুদ্রাস্ফীতি রোধ ii. বিমান যোগাযোগ স্থাপন iii. সেতু বিনির্মাণ নিচের কোনটি সঠিক?,Economics,4,4,i ও ii,ii ও iii,i ও iii,"i, ii ও iii",B
একটি আধুনিক ও অবাধ অর্থনীতিতে মূলধন গঠনের স্তরগুলো হলো- i. আর্থিক সঞ্চয়ের সৃষ্টি ii. আর্থিক সঞ্চয় সংগ্রহ ও ঋণদান iii. আর্থিয়ক সঞ্চয়কে মূলধন দ্রব্যে রূপান্তর নিচের কোনটি সঠিক?,Economics,4,4,i ও ii,i ও iii,ii ও iii,"i, ii ও iii",D
বাংলাদেশ সরকার বিভিন্ন উৎস থেকে রাজস্ব সংগ্রহ করে যেসব কারণে-; i. জনকল্যাণ সাধনের জন্য ii. প্রশাসন পরিচালনার জন্য iii. আর্থসামাজিক উন্নয়নের জন্য নিচের কোনটি সঠিক?,Economics,4,4,i ও ii,ii ও iii,i ও iii,"i, ii ও iii",D
মূলধন বাজেটের ফলে- i. দেশের অর্থনৈতিক উন্নয়ন সাধিত হয় ii. দেশের অর্থনৈতিক প্রবৃদ্ধি অর্জিত হয় iii. প্রশাসন সুষ্ঠুভাবে পরিচালিত হয়,Economics,4,4,i ও ii,i ও iii,ii ও iii,"i, ii ও iii",A
অর্থনীতির অবস্থা নির্দেশ করে- i. মোট অভ্যন্তরীণ আয় ii. মোট দেশজ উৎপাদন iii. জনগণের মাথাপিছু আয় নিচের কোনটি সঠিক?,Economics,4,4,i ও ii,i ও iii,ii ও iii,"i, ii ও iii",D
"উন্নয়নশীল দেশে ঘাটতি বাজেট মঙ্গলজনক, কারণ- i. প্রাকৃতিক সম্পদের পরিপূর্ণ ব্যবহার করা যায় ii. মাথাপিছু আয় বৃদ্ধি পায় iii. কর্মসংস্থান বৃদ্ধি পায়",Economics,4,4,i ও ii,ii ও iii,i ও iii,"i, ii ও iii",D
ভৌগোলিক অবস্থানগত কারণে গড়ে উঠেছে- i. রেশম শিল্প ii. চা শিল্প iii. কুটির শিল্প নিচের কোনটি সঠিক?,Economics,4,4,i ও ii,ii ও iii,i ও iii,"i, ii ও iii",D
ভূমি রাজস্ব বলতে কোনটিকে বোঝায়?,Economics,1,1,ফসল উৎপাদনের জন্য প্রদত্ত খাজনাকে,ভূমির উন্নয়নের জন্য প্রদত্ত অর্থকে,ভূমি ভোগ দখলের জন্য প্রদত্ত অর্থকে,সরকারি ভূমিকে দখলের জন্য প্রদত্ত অর্থকে,C
কোন ধরনের আমানতের উপর ব্যাংক কোন সুদ দেয় না?,Economics,2,1,স্থায়ী,অস্থায়ী,চলতি,সঞ্চয়ী,D
ক্ষুদ্র শিল্পের আওতাভুক্ত হলো- i. তাঁত শিল্প  ii. বেকারি কারখানা  iii. ডেইরি ফার্ম নিচের কোনটি সঠিক?,Economics,3,4,ii ও iii,i ও ii,i ও iii,"i, ii ও iii",D
বাণিজ্যিক ব্যাংকের কাজ হলো- i. নোট প্রচলন করা; ii ঋণ প্রদান iii. সঞ্চয় জমা রাখা নিচের কোনটি সঠিক?,Economics,3,3,i ও ii,i ও iii,ii ও iii,"i, ii ও iii",C
উৎপাদিত দ্রব্যের অবশ্যই কি থাকতে হবে?,Economics,2,1,বিনিময় মূল্য,আকার,উচ্চ মূল্য,কোনটিই নয়,A
কোনটি মূলধনী দ্রব্য?,Economics,1,1,গুদাম ঘর,খাদ্য,বস্ত্র,চেয়ার,A
সম্পদকে কত শ্রেণিতে বিন্যস্ত করা যায়?,Economics,1,2,5,6,3,4,A
একটি পণ্যকে ঘিরে ক্রেতা-বিক্রেতার মধ্যে কী ঘটে?,Economics,2,2,সংযোগ,বিয়োজন,আলোচনা,বিস্তৃতি,A
২০১০ সালে বাংলাদেশ সরকার জাতীয় শিল্পনীতি ঘোষণা করেছে ফলে- i. বেসরকারি বিনিয়োগ বৃদ্ধি পায় ii. নারীর কর্মসংস্থান বৃদ্ধি পায় iii. আমদানি ব্যয় কমে যাচ্ছে নিচের কোনটি সঠিক?,Economics,4,4,i ও ii,i ও iii,ii ও iii,"i, ii ও iii",A
আমাদের দেশে কোন ব্যবস্থাটি এখনো সম্পূর্ণ আধুনিক হয়ে ওঠেনি?,Economics,2,1,পর্যটন খাত;,কৃষিখাত,শিল্পখাত;,যোগাযোগ খাত,B
বাংলাদেশের বীরত্বসূচক উপাধিগুলোর মধ্যে কোনটির স্থান মর্যাদার দিক থেকে দ্বিতীয়?,Law,1,1,বীর বিক্রম,বীর শ্রেষ্ঠ,বীর উত্তম,বীর প্রতীক,C
যেসব মুদ্রা কাগজ দ্বারা তৈরি তাকে কী বলে?,Law,1,1,কাগজি মুদ্রা,প্রামাণিক মুদ্রা,প্রতীক মুদ্রা,বিহিত মুদ্র,A
আইনের দৃষ্টিতে সকলেই সমান। কথাটি দ্বারা কী প্রমাণ করে?,Law,1,1,সমাজতন্ত্র,গণতন্ত্র,প্রজাতন্ত্র,রাজতন্ত্র,B
কোনটি একটি সভ্য সমাজের মানদণ্ড?,Law,1,1,আইনের শাসন,নাগরিকের অধিকার প্রদান,সামাজিক সাম্য,স্থিতিশীল রাষ্ট্র,A
বাংলাদেশ সরকার জাতীয় সংসদ নির্বাচনের জন্য কী গঠন করেছে?,Law,1,1,বিচার বিভাগ,আইন বিভাগ,নির্বাচন কমিশন,শাসন বিভাগ,C
সুপ্রীম কোর্টের এ ধরনের ভূমিকায় কী প্রতিষ্ঠা পেয়েছে?,Law,1,1,সামাজিক অধিকার,মৌলিক অধিকার,রাজনৈতিক অধিকার,মানবাধিকার,B
আইনের শাসন নিশ্চিত করার অন্যতম উপায় হল-,Law,1,1,শাসন বিভাগ ও বিচার বিভাগের মধ্যে সংযুক্তি,আইন ও শাসন বিভাগের মধ্যে সংযুক্তি,শাসন বিভাগ হতে বিচার বিভাগ পৃথকীকরণ,আইন ও শাসন বিভাগের পৃথিবী কারণ,C
দুর্নীতি দমনের পূর্বশর্ত হলো-,Law,1,1,রাজনৈতিক অঙ্গীকার,নৈতিকতার অভাব,আইনের শাসন,গণ গ্রেফতার,C
মৌলিক অধিকার পরিপন্থী যে কোন পদক্ষেপ কে বাতিল ঘোষণা করতে পারবে কোন বিভাগ?,Law,1,1,জর্জকোর্ট,আপিল বিভাগ,হাইকোর্ট,দায়রা জজ আদালত,C
কুসংস্কার থেকে মুক্তির উপায় কোনটি?,Law,1,1,প্রযুক্তি;,শিক্ষা;,খেলাধুলা;,ভ্রমণ;,B
একটি রাষ্ট্রের সর্বোচ্চ আইন কোনটি?,Law,1,1,আদালত,সংবিধান,জাতীয় সংসদ,সুপ্রিমকোর্ট,B
আধুনিককালে আইনের প্রধান উৎস কোনটি?,Law,1,1,প্রথা,বিচারকের রায়,ন্যায়বোধ,আইন পরিষদ,D
পরিকল্পনা ও প্রকল্প প্রয়োজন হয় কোন ক্ষেত্রে?,Law,1,1,নীতিমালা প্রণয়ন;,অবকাঠামো নির্মাণ,নীতিমালা বাস্তবায়ন,বৈদেশিক সাহায্য,C
আইন বিভাগের মূল কাজ কী?,Law,1,1,আইন প্রণয়ন,আইন প্রয়োগ,আইনের আলোকে বিচার করা,বিদেশের সাথে সম্পর্ক রক্ষা,A
বাংলাদেশের সর্বোচ্চ কোর্টের নাম কী?,Law,1,1,হাইকোর্ট,জজ কোর্ট,সুপ্রিম কোর্ট,ম্যাজিস্ট্রেট কোর্ট,C
সংবিধানের অভিভাবক কে?,Law,1,1,শাসন বিভাগ,আইন বিভাগ,বিচার বিভাগ,সামরিক বাহিনী,C
আইনগত অধিকার কয় ধরনের?,Law,1,1,সাত,ছয়,পাঁচ,চার,B
রাষ্ট্রীয় সংবিধানের অভিভাবক হিসেবে কাজ করে কোন বিভাগ?,Law,1,1,আইন বিভাগ,নির্বাহী বিভাগ,শাসন বিভাগ,বিচার বিভাগ,D
কোনটি আইন বিভাগের কাজ?,Law,2,2,আইন প্রণয়ন,ন্যায়বিচার প্রতিষ্ঠা,আইন ভঙ্গকারীকে শাস্তি প্রদান,প্রশাসনিক কাজ পরিচালনা,A
১৮৯২ সালের ভারতীয় কাউন্সিল আইনানুযায়ী কেন্দ্রীয় আইন পরিষদের সদস্যগণ সরকারের কোন বিষয়ে আলোচনার সুযোগ পেত?,Law,2,2,অর্থনৈতিক বিষয়ে,রাজনৈতিক বিষয়ে,জনস্বার্থ বিষয়ে,প্রশাসনিক বিষয়ে,A
স্থানীয় সরকার গণতান্ত্রিক শাসনব্যবস্থায় অপরিহার্য। এর কারণ কী?;,Law,2,2,জনগণের প্রত্যক্ষ অংশগ্রহণ,জনগণের চাহিদাপূরণ,জনগণের উন্নতি,জাতীয় সংসদ গঠন,A
পৃথিবীর অধিকাংশ দেশের আদালত কী রকম?,Law,2,2,সংকীর্ণ,স্তরায়িত,সীমাবদ্ধ;,এককেন্দ্রিক,B
সরকারি চাকরিতে কর্মরত নারীদের মাতৃত্বকালীন ছুটির গেজেট প্রকাশ করা হয় কবে?,Law,2,2,৯ জানুয়ারি ২০০১,৯ জানুয়ারি ২০১১,১১ জানুয়ারি ২০০১,১১ জানুয়ারি ২০১১,D
আইনকানুন কোন ধরনের কাঠামো?;,Law,2,2,মৌল,গৌণ;,সাধারণ;,উপরি,D
তথ্য অধিকার আইন কত সালে রাষ্ট্রপতির সম্মতি লাভ করে?,Law,2,2,2004,2007,2008,2009,D
তথ্য অধিকার আইনটি জাতীয় সংসদ কর্তৃক গৃহীত হয়ে রাষ্ট্রপতির সম্মতি লাভ করে কত তারিখে?,Law,2,2,২০ চৈত্র ১৪১৫,২২ চৈত্র ১৪১৬,২২ চৈত্র ১৪১৫,২৪ চৈত্র ১৪১৬,C
বিচারকদের আইনসভার মাধ্যমে নির্বাচিত হলে কী ঘটে?,Law,2,2,যোগ্যতা বড় হয়ে ধরা দেয়,নিরপেক্ষতা বজায় থাকে,রাজনৈতিক বিবেচনা বড় হয়ে থাকে,সাম্প্রদায়িকতার বিকাশ ঘটে,C
জাতীয় সংসদে কত খ্রিষ্টাব্দে বিশ্ববিদ্যালয় আইন পাস করা হয়?,Law,2,2,1972,1973,1974,1975,B
“সমাজের সকল ব্যক্তি আইনের দৃষ্টিতে সমান”-এখানে আইনের কোন বৈশিষ্ট্যটি প্রতিফলিত হয়েছে?;,Law,2,2,বিধিবদ্ধ নিয়ম,সর্বজনীন,ব্যক্তিস্বাধীনতার রক্ষক,রাষ্ট্রীয় অনুমোদন,B
বিচার বিভাগের স্বাধীনতা ও স্বাতন্ত্র্য রক্ষার জন্যে কার সচেতনতা ও সমর্থন থাকতে হবে?,Law,2,2,আইনজীবী,জনগণ,ব্যবসায়ী,মন্ত্রী,B
১৮৬১ সালের ভারতীয় কাউন্সিল আইনের মাধ্যমে ভারতে কোন ব্যবস্থার জন্ম হয়?,Law,2,2,প্রগতিশীল,প্রতিনিধিত্বশীল,স্বাধীনতাকামী,শাসনতান্ত্রিক,B
বেসরকারি আইনে কোনটি পরিলক্ষিত হয়?;,Law,2,2,ব্যক্তির সাথে ব্যক্তির সম্পর্ক,গোষ্ঠীর সাথে গোষ্ঠীর সম্পর্ক,রাষ্ট্রের সাথে রাষ্ট্রের সম্পর্ক,সমাজের সাথে সমাজের সম্পর্ক,A
কোন সংস্থার অনুমোদন ব্যতীত নির্বাচনি কর্মকর্তা ও কর্মচারীদের বিরুদ্ধে আদালতে মামলা করা যাবে না?,Law,2,2,আদালত,জাতীয় সংসদ,নির্বাচন কমিশন,সচিবালয়,C
হাসান ইউরিয়া সার এবং তরমুজের বীজ সংগ্রহ করতে ইউনিয়ন পরিষদে গিয়েছিল হাসান ইউনিয়ন পরিষদ থেকে কি ধরনের সেবা পাব,Law,3,3,জনশৃঙ্খলা রক্ষা,জনকল্যাণমূলক,প্রশাসনিক,স্থানীয় অর্থনৈতিক উন্নয়ন সম্পর্কিত,D
সাদেক বাংলাদেশের নিরাপত্তা ও আইনশৃঙ্খলা রক্ষাকারী বাহিনীতে চাকরি করে। সাদেক বাংলাদেশের কোন বিভাগের সদস্য?,Law,3,3,শাসন বিভাগ,আইন বিভাগ,বিচার বিভাগ,গণপূর্ত বিভাগ,A
"জনাব মিজান আগ্নেয়াস্ত্র, স্পিরিট ও বিষের লাইসেন্স প্রদান করেন। তিনি বাংলাদেশের সিভিল সার্ভিসের একজন অভিজ্ঞ কর্মকর্তা হিসেবে গুরুত্বপূর্ণ দায়িত্ব পালন করে থাকেন। জনাব মিজান বাংলাদেশের প্রশাসনিক কাঠামোর কোন স্তরে চাকরি করেন",Law,3,3,১ম,২য়,৩য়,৪র্থ,C
অপারেশন নবযাত্রা কি?,Law,3,3,মাদক দ্রব্য নিয়ন্ত্রণ অধিদপ্তর কর্তৃক পরিচালিত মাদক নির্মূল অভিযান,সুনামি সৃষ্ট ক্ষতিতে বাংলাদেশ কর্তৃক পরিচালিত শ্রীলংকা ও মালদ্বীপে সাহায্য অভিযান,ছবিসহ ভোটার তালিকা ও জাতীয় পরিচয়পত্র প্রণয়নের কর্মসূচী,বাংলাদেশ কোস্টগার্ড পরিচালিত অভিযান,C
’ক’ নামের এক নারী ভোটার জাতীয় সংসদ নির্বাচনের কিছুদিন আগে সড়ক দুর্ঘটনায় নিহত হয়।সোনিয়া ‘ক’ এর ভোট দিতে কেন্দ্রে গেলে ধরা পড়ে। সোনিয়ার কি শাস্তি হওয়া উচিত,Law,3,3,দুই থেকে দশ বছর পর্যন্ত সশ্রম কারাদণ্ড,যাবজ্জীবন কারাদন্ড,তার ভোটাধিকার বাতিল করা,তাকে দেশ থেকে বিতাড়িত করা,A
পুরাতন আইনে সংশোধনের প্রয়োজন হয় কেন?;,Law,3,3,যুগের চাহিদা পূরণে,নতুন আইনের প্রয়োজনে,জনগণের আকাক্সক্ষার কারণে,সরকারের আমূল পরিবর্তনে,A
শিশুশ্রম বিলোপ সাধনে কতকগুলো সুনির্দিষ্ট লক্ষ্য নির্ধারণ করা হয়েছে কোন আইনে?,Law,3,3,শ্রম আইন - ২০০৬,শিশু অধিকার সনদ - ২০১০,জাতীয় শিশুশ্রম নিরসন নীতি - ২০০৬,বাংলাদেশ শিশু আইন - ১৯৭৪,C
নির্বাচনি আচরণবিধি লঙ্ঘন সংক্রান্ত অপরাধের জন্য জরিমানাসহ ক্ষেত্রবিশেষে সর্বোচ্চ কত বছরের কারাদণ্ড হতে পারে?,Law,3,3,5,8,10,12,C
"জনাব মিজান আগ্নেয়াস্ত্র, স্পিরিট ও বিষের লাইসেন্স প্রদান করেন। তিনি বাংলাদেশের সিভিল সার্ভিসের একজন অভিজ্ঞ কর্মকর্তা হিসেবে গুরুত্বপূর্ণ দায়িত্ব পালন করে থাকেন। জনাব মিজান নিচের কোন দায়িত্ব পালনে ক্ষমতাপ্রাপ্ত-",Law,3,3,আইন তৈরি,প্রতিরোধমূলক বিচারকার্য,কর্মসংস্থান সৃষ্টি,এতিমখানা স্থাপন,B
সরকারি আইন হলো-; i. সাংবিধানিক আইন ii. প্রশাসনিক আইন iii. ফৌজদারি আইন ও দণ্ডবিধি নিচের কোনটি সঠিক?,Law,4,4,i ও ;ii,i ও ;iii,ii ও ;iii,"i, ii ও iii",D
অসিত পাল ধনী এবং বাদল গরিব। অপরাধ করার ফলে তাদের একই মেয়াদে শাস্তি হয়। আইনের কোন বৈশিষ্ট্যটি এখানে ফুটে উঠেছে?;,Law,4,4,বৈষম্য,বৈসাদৃশ্য,সর্বজনীনতা,বাহ্যিক আচরণ,C
নাসিমা জাহান বাংলাদেশের একটি জেলায় অতিরিক্ত জেলা প্রশাসক। তিনি তার দপ্তরের বিভিন্ন কার্যক্রম অত্যন্ত দক্ষতা ও আন্তরিকতার সাথে পরিচালনা করেন। নাসিমা জাহান বাংলাদেশ সরকারের কোন বিভাগে চাকরি করেন,Law,4,4,শাসন বিভাগ,বিচার বিভাগ,আইন বিভাগ,নির্বাচন কমিশন,A
‘A’ মন্ত্রীসভার সভার মূল মন্ত্র।সংবিধান অনুযায়ী তিনি তার শাসন পরিচালনার সংসদের কাছে দায়ী থাকেন। অনুচ্ছেদে ‘A’ বলতে কোন পদটিকে বোঝানো হয়েছে,Law,4,4,প্রধানমন্ত্রী,রাষ্ট্রপতি,স্পিকার,হুইপ,A
"আপিল বিভাগের কাজ হলো-  i. হাইকোর্টের রায়, ডিক্রি আদেশ ও দণ্ডাদেশ শুনানির জন্যে গ্রহণ করে ii. রাষ্ট্রপতি কোনো আইনের ব্যাখ্যা চাইলে দেওয়া iii. কোনো ব্যক্তিকে মৃত্যুদণ্ড দেওয়া নিচের কোনটি সঠিক?",Law,4,4,i ও ii,i ও iii,ii ও iii,"i, ii ও iii",A
বিচার বিভাগের বিবিধ কার্যাবলীর অন্তর্ভুক্ত- i. লাইসেন্স প্রদান ii. অভিভাবকত্ব নিরূপণ iii. বিদেশি নাগরিকদের নাগরিকত্ব দান নিচের কোনটি সঠিক?,Law,4,4,i ও ii,i ও iii,ii ও iii,"i, ii ও iii",C
’A’ মন্ত্রিসভার মূল মন্ত্র। সংবিধান অনুযায়ী তিনি তার শাসন পরিচালনার সংসদের কাছে দায়ী থাকেন। অনুচ্ছেদে ‘A’ বলতে কোন পদটিকে বোঝানো হয়েছে,Law,4,4,প্রধানমন্ত্রী,রাষ্ট্রপতি,স্পিকার,হুইপ,A
আদালত মানুষের আশ্রয়স্থল- i. ন্যায়বিচার লাভের জন্য ii. অধিকার প্রতিষ্ঠার জন্য iii. আত্মমর্যাদা প্রতিষ্ঠার জন্য নিচের কোনটি সঠিক?,Law,4,4,i ও ii,i ও iii,ii ও iii,"i, ii ও iii",D
জনাব ফারদিন কন আমুক একটি প্রতিষ্ঠানে বসবাস করে এবং নাগরিক হিসেবে সেই প্রতিষ্ঠানে যাবতীয় দায়িত্ব ও কর্তব্য যথাযথভাবে পালন করে। জনাব ফারদিনের বসবাসরত প্রতিষ্ঠান কোনটি,Law,4,4,আইনসভা,তথ্য কমিশন,রাষ্ট্র,সরকার,C
অসীম বিহিত মুদ্রা- i. আইনগতভাবে যেকোনো পরিমাণ লেনদেন করা যায় ii. দেনা পাওনা পরিশোধ করলে পাওনাদার তা গ্রহণ করতে বাধ্য থাকে iii. একটি নির্দিষ্ট সীমা পর্যন্ত লেনদেন করা যায়,Law,4,4,i ও ii,i ও iii,ii ও iii,"i, ii ও iii",A
বিচার বিভাগীয় পর্যালোচনা হল- i. বিচারক নিয়োগ দেয়া ; ii. আইনের বৈধতা বিচার iii. ন্যায় বিচার প্রতিষ্ঠা,Law,4,4,i ও ii,i ও iii,ii ও iii,"i, ii ও iii",C
‘A’ মন্ত্রীসভার সভার মূল মন্ত্র।সংবিধান অনুযায়ী তিনি তার শাসন পরিচালনার সংসদের কাছে দায়ী থাকেন। উক্ত পদের কাজ সমূহ i. রাষ্ট্রীয় কাজের সমন্বয় সাধন ii. সরকারি বিলের পৃষ্ঠপোষকতা করেন iii. রাষ্ট্রদূত ও হাইকমিশনারদের নিয়োগ দান করেন,Law,5,5,"i,ii","ii,iii","i,iii","i,ii,iii",C
জনাব রফিক আহমেদ বাংলাদেশের একটি জেলা প্রশাসনের মধ্যমণি। তিনি তার দপ্তরের বিভিন্ন কার্যক্রম অত্যন্ত দক্ষতা ও আন্তরিকতার সাথে পরিচালনা করেন। উক্ত বিভাগ i. আইন শৃঙ্খলা রক্ষা করে ii.আইন প্রণয়ন করে iii.শাসন কার্য পরিচালনা করে,Law,5,5,"i,ii","i,iii","ii,iii","i,ii,iii",B
একটি ক্রিকেট ক্লাবের সদস্যবৃন্দ ১৫ জন প্রতিনিধি নির্বাচন করেন। নির্বাচিত ১৫ জন প্রতিনিধির ভোটে ক্লাবের সভাপতি ও সাধারণ সম্পাদক নির্বাচিত হয়। তাদের নেতৃত্বে ক্লাবের কার্যক্রম পরিচালিত হন। বাংলাদেশে এ ধরনের নির্বাচন দেখা যায় i. সিটি কর্পোরেশন নির্বাচনে ii. জেলা পরিষদ নির্বাচনে iii. রাষ্ট্রপতি নির্বাচনে,Law,5,5,"i,ii","i,iii","ii,iii","i,ii,iii",C
’A’ মন্ত্রিসভার মূল মন্ত্র। সংবিধান অনুযায়ী তিনি তার শাসন পরিচালনার সংসদের কাছে দায়ী থাকেন। উক্ত পদের কাজসমূহ I. রাষ্ট্রীয় কাজের সমন্বয় সাধন Ii. সরকারি বিল এর পৃষ্ঠপোষকতা করেন Iii রাষ্ট্রদূত ও হাই কমিশনারদের নিয়োগ দান করেন,Law,5,5,"I,ii.","ii,iii","i,iii","i,ii,iii",C
বাংলাদেশ রাষ্ট্রের জন্য ‘ক’ নামক একটি সংস্থা রয়েছে যার কাজ হচ্ছে অবাধ ও সুষ্ঠু নির্বাচন পরিচালনা করা। উক্ত সংস্থার কাজ হচ্ছে i. রিটার্নিং অফিসার নিয়োগ দেওয়া ii.মনোনয়ন সংক্রান্ত বিতর্ক মীমাংসা করা iii. জনসমর্থন সৃষ্টি করা,Law,5,5,"i,ii","i,iii","ii,iii","i,ii,iii",A
একটি স্থানীয় সরকারের মোট সদস্য সংখ্যা ২১ জন এবং উক্ত সরকারের কোন সদস্য সরাসরি জনগণের ভোটে নির্বাচিত নয়। উল্লেখিত সরকারের কাজ i.রাস্তার পাশে বৃক্ষরোপণ ii.অন্য স্থানীয় সরকারকে সহযোগিতা iii.গৃহ নির্মাণে অনুমোদন দেওয়া,Law,5,5,"i,ii","i,iii","ii,iii","i,ii,iii",B
এডভোকেট আবুল কালাম সাহেব মনে করেন যুগোপযোগী আইন প্রণয়ন ও প্রচলিত আইনের সংশোধন বা রদবদল না করা হলে অভিনব পন্থায় যেসব অপরাধ সংঘটিত হয় তার রোধ করা সম্ভব নয়। তাই যথাযথ কর্তৃপক্ষকে এ বিষয়ে সচেতন হতে হবে উক্ত বিভাগের ক্ষমতা পরিলক্ষিত হয় i. সরকার গঠন বিষয়ে ii. সংবিধান সংরক্ষণে iii. বিচারপতি নিয়োগে,Law,5,5,"i,ii","ii,iii","i,iii","i,ii,iii",A
’ক’ একটি দেশের রাষ্ট্রপ্রধান। তিনি নিজ ক্ষমতা বলে দেশটির সংসদ নির্বাচনের পর সংখ্যাগরিষ্ঠ দলের নেতাকে পদমর্যাদার অধিকারী করেছেন। এই নেতা সংসদ পরিচালনায় বিভিন্ন ক্ষমতার অধিকারী। ’ ক’এর নিয়োগপ্রাপ্ত ব্যক্তি i.সংসদের পরিচালনায় ভূমিকা রাখেন ii. বিরোধীদলের আস্থা অর্জনে নেতৃত্ব দেন iii. রাষ্ট্রীয় সব কাজের সমন্বয় করেন,Law,5,5,"i,ii","ii,iii","i,iii","i,ii,iii",D
একটি স্থানীয় সরকারের মোট সদস্য সংখ্যা ২১ জন এবং উক্ত সরকারের কোন সদস্য সরাসরি জনগণের ভোটে নির্বাচিত নয়। উল্লিখিত সরকারের কাজ i. রাস্তার পাশে বৃক্ষরোপণ ii.অন্য স্থানীয় সরকারকে সহযোগিতা iii.গৃহ নির্মাণে অনুমোদন দেওয়া,Law,5,5,"i,ii","i,iii","ii,iii","i,ii,iii",B
দেওয়ানি ও ফৌজদারি মামলার জন্য জেলার সর্বোচ্চ আদালত- i. জেলা আদালত ii. হাইকোর্ট iii. দায়রা জজের আদালত,Law,5,3,i ও ii,i ও iii,ii ও iii,"i, ii ও iii",B
বাংলাদেশ রাষ্ট্রের জন্য ‘ক‘ নামক একটি সংস্থা রয়েছে যার কাজ হচ্ছে অবাধ ও সুষ্ঠু নির্বাচন পরিচালনা করা। ’ক’ সংস্থাটির নাম কি,Law,4,3,কর্ম কমিশন,দুর্নীতি দমন কমিশন,মাদকদ্রব্য নিয়ন্ত্রণ কমিশন,নির্বাচন কমিশন,D
X রাষ্ট্রের সকল নির্বাচন পরিচালনার জন্য একটি সংস্থা রয়েছে। উক্ত সংস্থা এটি বাস্তবায়নের জন্য সকল প্রস্তুতি গ্রহণ করে। উক্ত সংস্থার কাজ i. চেয়ারম্যান নিয়োগ দেওয়া ii.রিটার্নিং অফিসার নিয়োগ দেওয়া iii. মনোনয়ন সংক্রান্ত বিতর্ক মীমাংসা করা,Law,5,4,"i,ii","i,iii","ii,iii","i,ii,iii",C
১৮৯২ সালের ভারতীয় কাউন্সিল আইনানুযায়ী কেন্দ্রীয় আইন পরিষদের সদস্যগণ সরকারের কোন বিষয়ে আলোচনার সুযোগ পেত?,Law,2,2,অর্থনৈতিক বিষয়ে,রাজনৈতিক বিষয়ে,জনস্বার্থ বিষয়ে,প্রশাসনিক বিষয়ে,A
আইনের শাসন নিশ্চিত করার অন্যতম উপায় হল-,Law,1,1,শাসন বিভাগ ও বিচার বিভাগের মধ্যে সংযুক্তি,আইন ও শাসন বিভাগের মধ্যে সংযুক্তি,শাসন বিভাগ হতে বিচার বিভাগ পৃথকীকরণ,আইন ও শাসন বিভাগের পৃথিবী কারণ,C
তথ্য অধিকার আইন কত সালে রাষ্ট্রপতির সম্মতি লাভ করে?,Law,2,2,2004,2007,2008,2009,D
‘ক’ রাষ্ট্র অর্থনৈতিকভাবে তেমন সমৃদ্ধ নয়। নির্বাচনের মাধ্যম ক্ষমতায় হস্তান্তর হওয়ার সুন্দর ব্যবস্থা থাকলেও জনগণ অর্থনৈতিক সমৃদ্ধি লাভে ব্যর্থ হচ্ছে এবং রাজনৈতিক অস্থিরতা দূর করতে পারেনি। ’ক’রাষ্ট্রের পরিণতি হতে পারে i.সরকারের নিরপেক্ষতা প্রশ্নবিদ্ধ ii. গণ অসন্তোষের তীব্রতা iii. অন্য রাষ্ট্রে পরিণত হওয়া,Law,5,4,"i,ii","i,iii","ii,iii","i,ii,iii",A
প্রথম শ্রেণির বিচারক হিসেবে ফৌজদারি মামলার নিষ্পত্তি করেন কে?,Law,3,2,বিভাগীয় কমিশনার,সচিব,জেলা প্রশাসক,বিচারপতি,C
দুষ্টের দমন শিষ্টের লালন করা কোন বিভাগের কাজ?,Law,3,1,শাসন বিভাগের,বিচার বিভাগের,আইন বিভাগের,প্রতিরক্ষা বিভাগের,B
জনাব রফিক আহমেদ বাংলাদেশের একটি জেলা প্রশাসনের মধ্যমণি। তিনি তার দপ্তরের বিভিন্ন কার্যক্রম অত্যন্ত দক্ষতা ও আন্তরিকতার সাথে পরিচালনা করেন। জনাব রফিক আহমেদ বাংলাদেশ সরকারের কোন বিভাগে চাকরি করেন,Law,4,3,শাসন বিভাগ,আইন বিভাগ,বিচার বিভাগ,সচিবালয়,A
তথ্য অধিকার আইনের মাধ্যমে উন্নয়ন নিশ্চিত করা যাবে - i. প্রান্তিক মানুষের ii. সুবিধাবঞ্চিত মানুষের iii. অসুস্থ মানুষের নিচের কোনটি সঠিক?,Law,3,4,i ও ii,ii ও iii,i ও iii,"i, ii ও iii",A
লমব্রোসো ছিলেন একজন -,Law,3,5,অপরাধ বিজ্ঞানী,সমাজবিজ্ঞানী,দার্শনিক,নৃবিজ্ঞানী,A
নাসিমা জাহান বাংলাদেশের একটি জেলায় অতিরিক্ত জেলা প্রশাসক। তিনি তার দপ্তরের বিভিন্ন কার্যক্রম অত্যন্ত দক্ষতা ও আন্তরিকতার সাথে পরিচালনা করেন। নাসিমা জাহান বাংলাদেশ সরকারের কোন বিভাগে চাকরি করেন,Law,4,4,শাসন বিভাগ,বিচার বিভাগ,আইন বিভাগ,নির্বাচন কমিশন,A
মর্লে-মিন্টো সংস্কার আইনের অন্যতম বৈশিষ্ট্য কী?,Law,3,2,ইংরেজদের স্বতন্ত্র নির্বাচন,হিন্দুদের স্বতন্ত্র নির্বাচন,মুসলমানদের স্বতন্ত্র নির্বাচন,সংখ্যালঘুদের নির্বাচন,C
আইনকানুন কোন ধরনের কাঠামো?;,Law,2,2,মৌল,গৌণ;,সাধারণ;,উপরি,D
বেসরকারি আইনে কোনটি পরিলক্ষিত হয়?;,Law,2,2,ব্যক্তির সাথে ব্যক্তির সম্পর্ক,গোষ্ঠীর সাথে গোষ্ঠীর সম্পর্ক,রাষ্ট্রের সাথে রাষ্ট্রের সম্পর্ক,সমাজের সাথে সমাজের সম্পর্ক,A
১৯১৯ সালের ভারত শাসন আইনানুযায়ী ক্ষমতা সবচেয়ে বেশি ছিল কার?,Law,3,1,আইন পরিষদের সদস্যদের,নিম্নবংশের সদস্যদের,উচ্চবংশের সদস্যদের,গভর্নর জেনারেলের,D
পার্বত্য অঞ্চলে কতটি উপজাতির নাগরিক অধিকার প্রতিষ্ঠিত হয়েছে?,Law,2,3,৯টি,১০টি,১১টি,১৩টি,D
আইনসভার/আইন বিভাগের প্রথম ও প্রধান কাজ কোনটি?,Law,1,2,অর্থনৈতিক,সরকারি নীতি প্রণয়,আইন প্রণয়ন,জনমত গঠন,C
বাংলাদেশের বিচার বিভাগের স্বাধীনতা রক্ষার প্রথম পদক্ষেপ কোনটি?,Law,1,2,আইন প্রয়োগ,আইন সংযোজন,বিচারপতি নিয়োগ পদ্ধতি,বিচার করা,C
আইনের দৃষ্টিতে সকলেই সমান। কথাটি দ্বারা কী প্রমাণ করে?,Law,1,1,সমাজতন্ত্র,গণতন্ত্র,প্রজাতন্ত্র,রাজতন্ত্র,B
অপরাধীকে শাস্তি দেয়ার দায়িত্ব পালন করে কোন বিভাগ?,Law,3,1,বিচার বিভাগ,আইন বিভাগ,শাসন বিভাগ,প্রতিরক্ষা বিভাগ,A
বাংলাদেশের বিচার বিভাগ গঠিত হয়েছে—; i. সুপ্রিম কোর্ট নিয়ে; ii. অধস্তন কোর্ট নিয়ে; iii. জেলা পরিষদ নিয়ে; নিচের কোনটি সঠিক?,Law,5,4,i ও ii,i ও iii,ii ও iii,"i, ii ও iii",A
হাসান ইউরিয়া সার এবং তরমুজের বীজ সংগ্রহ করতে ইউনিয়ন পরিষদে গিয়েছিল এই সেবা প্রদানের মাধ্যমে ইউনিয়ন পরিষদ নিশ্চিত করে i. স্থানীয় মানুষের স্বতন্ত্রতা ii. সাধারণ জনগণের প্রতি দায়িত্ব iii. মোট জাতীয় আয়ের বৃদ্ধি,Law,5,4,"i,ii","i,iii","ii,iii","i,ii,iii",C
‘ল অব দ্যা কনস্টিটিউশন’ কার লেখা?,Law,3,2,ডাইসি,লর্ড ব্রাইস,জন লক,ম্যাকিয়াভেলি,A
প্রতিটি মন্ত্রণালয়ের সাথে সংযুক্ত রয়েছে কী?,Law,2,1,পরিদপ্তর,বোর্ড,কর্পোরেশন,অধিদপ্তর,D
তথ্য অধিকার আইন নিশ্চিত করে — i. প্রশাসনের দায়িত্বশীলতা ii. বিভিন্ন প্রতিষ্ঠানের দায়িত্বশীলতা iii. দুর্নীতির হার বৃদ্ধি নিচের কোনটি সঠিক?,Law,2,3,i ও ii,ii ও iii,i ও iii,"i, ii ও iii",A
কোন রাষ্ট্রে সরকারের আয়-ব্যয়ের ওপর আইনসভার পূর্ণ নিয়ন্ত্রণ থাকে?,Law,3,1,গণতান্ত্রিক রাষ্ট্রে,সমাজতান্ত্রিক রাষ্ট্রে,পুঁজিবাদী রাষ্ট্রে,রাজতান্ত্রিক রাষ্ট্রে,A
স্বামী-স্ত্রীর বসবাসের স্থানের উপর ভিত্তি করে পরিবার কয় প্রকার?,Social,1,1,2,3,4,5,B
আকারের ভিত্তিতে পরিবার কত প্রকার?,Social,1,1,3,4,5,6,A
স্কুল ছাত্র-ছাত্রীদের কল্যাণে এবং তাদের লেখাপড়ার সফল সমাপ্তির ক্ষেত্রে অনুঘটক হিসেবে ভূমিকা রাখেন কে?,Social,1,1,অভিভাবক,শিক্ষক,স্কুল সমাজকর্মী,কমিটির সদস্যগণ,C
পরিবার গঠনের পূর্বশর্ত কী?,Social,1,1,সমাজ,সংঘ,বিবাহ,দল,D
কোথায় নারীরা আত্মকর্মসংস্থান সৃষ্টি করছে?,Social,1,1,পরিবারে;,গ্রামে;,শহরে;,ঘরে,B
স্বামী স্ত্রীর সংখ্যার ভিত্তিতে পরিবারের ধরণ কয়টি?,Social,1,1,2,3,6,7,B
মানুষের দলবদ্ধ জীবন যাপনের বিশ্বজনীন প্রতিষ্ঠান কী?,Social,1,1,রাষ্ট্র;,সমাজ;,সরকার;,পরিবার;,C
কার মাধ্যমে শিশু শিক্ষাজগতে প্রবেশ করে?,Social,1,1,দাদা-দাদি;,বাবা-মা;,ভাই-বোন;,চাচা,B
মাধ্যমিক ও উচ্চ মাধ্যমিক পর্যায়ে ছাত্রী উপবৃত্তি প্রদান করা হচ্ছে কেন?,Social,1,1,নারীশিক্ষা প্রসার,যৌতুকপ্রথা দূর করা,নারীর আত্মনির্ভরশীলতা,বাল্যবিবাহ রোধ,A
শিক্ষা কোন ধরনের প্রক্রিয়া?,Social,1,1,সামাজিক;,রাজনৈতিক;,গতিহীন,বিরামহীন,D
শিশুর অন্যতম শিক্ষাকেন্দ্র কোনটি?,Social,1,1,বিদ্যালয়,সমাজ,পরিবার;,মসজিদ;,C
প্রযুক্তির ক্রমোন্নতিতে আমাদের সমাজ ব্যবস্থায় কয় ধরনের ফলাফল দেখা যায়?,Social,1,1,2,3,4,5,A
ধর্মীয় উৎসব শিশু মনে কিসের সৃষ্টি করে?,Social,1,1,সংস্কৃতি;,সম্প্রীতি;,গোড়ামি,কুসংস্কার;,B
কখন থেকে ২১ ফেব্রুয়ারি দিনটি বাঙালির শহিদ দিবস হিসেবে উদযাপিত হয়ে আসছে?,Social,1,1,1952,1953,1954,1955,B
যে পদ্ধতিতে একটি শিশু ক্রমান্বয়ে ব্যক্তিত্বসম্পন্ন সামাজিক মানুষে পরিণত হয় তাকে বলে-,Social,1,1,সমাজ কাঠামো,সামাজিকীকরণ;,সংস্কৃতি;,সভ্যতা,B
মানুষ বিকশিত হয় কোথায়?,Social,1,1,পারিবারিক পরিবেশে,সাংস্কৃতিক পরিবেশে,সামাজিক পরিবেশে,অর্থনৈতিক পরিবেশে,C
প্রকৃতির সকল উপাদান মিলেমিশে কোনটি তৈরি করে?,Social,1,1,পরিবেশ,সমাজ,পরিবার,অঞ্চল,A
পারিবারিকভাবে প্রবীণদের নিরাপত্তা প্রদান কোন ধরনের ঐতিহ্য?,Social,1,1,ধর্মীয়,সামাজিক,অর্থনৈতিক,রাজনৈতিক,B
কারা সামাজিক সমস্যা বিশ্লেষণ করে এর সমাধানের নকশা প্রণয়ন করেন?,Social,1,1,শিক্ষকরা,ব্যবসায়ীরা,রাজনীতিবিদরা,সমাজকর্মীরা,D
মানুষের সমাজজীবনের মূলবিষয় কী?,Social,1,1,পরিবার গঠন,বিবাহ;,একতা,মিথষ্ক্রিয়া;,D
কাদের সুবিধা ও অধিকার নিয়ে কাজ করে শিল্প সমাজকর্ম?,Social,2,2,কর্মীদের,মালিকদের,মালিক-কর্মী উভয়ের,উচ্চপদস্থ কর্মীদের,A
দেশের সম্পদ ও সম্ভাবনা কাজে লাগিয়ে সার্বিক আর্থসামাজিক সমৃদ্ধি ও বিকাশ সাধনকে কী বলে?,Social,2,2,অর্থনৈতিক উন্নয়ন,অর্থনৈতিক সমৃদ্ধি,অর্থনীতির দিকনির্দেশনা,অর্থনৈতিক প্রবৃদ্ধি,A
মধ্যযুগে বাংলার হিন্দু সমাজে কয়টি বর্ণ বিদ্যমান ছিল?;,Social,2,2,5,4,3,2,B
কত সালে পরীক্ষামূলকভাবে ঢাকা মেডিকেল কলেজ হাসপাতালে চিকিৎসা সমাজকর্ম চালু করা হয়?,Social,2,2,1951,1953,1955,1957,C
Elements of Social Welfare’ গ্রন্থটির রচয়িতা কে?,Social,2,2,Prof Dr. Md. Ali Akbar,Dr. Charles P Emerson,Mary Richmond,Dr. Richard C Cabot,A
নারীরা ইভটিজিং-এর শিকার হন কেন?;,Social,2,2,সু-শিক্ষার অভাবে,সামাজিক স্থিতিশীলতার অভাবে,সংস্কৃতির প্রভাবে,নগরায়ণের প্রভাবে,A
নৈতিকতার বীজ পরিবার থেকেই শিশুর আচরণে বিকশিত হয়। এখানে পরিবারের কোন বৈশিষ্ট্য পরিলক্ষিত হয়?,Social,2,2,পারিবারিক মূল্যবোধ,পারিবারিক ন্যায়নীতি,পারিবারিক আচার-ব্যবহার,পারিবারিক শিক্ষা,A
বর্তমানে গ্রাম ও শহরে পরিবারের মধ্যে আত্মকেন্দ্রিক মনোভাব বৃদ্ধির মূল কারণ কী?,Social,2,2,একক পরিবারের বৃদ্ধি,আর্থিক অবস্থর উন্নতি,নয়াবাস পরিবারের বৃদ্ধি,পিতৃতান্ত্রিক পরিবারের আধিক্য,C
বিয়ের পর থেকে মনসুর আলী তার স্ত্রীর পিত্রালয়ে বসবাস করছে। এই পরিবারটি হচ্ছে-,Social,2,2,মাতৃতান্ত্রিক পরিবার,পিতৃতান্ত্রিক পরিবার,মাতৃবাস পরিবার,পিতৃবাস পরিবার,C
বাংলাদেশের শিল্পায়নের গতি বাড়াতে কোনটি ঘোষণা করা প্রয়োজন?,Social,2,2,আধুনিক শিল্পনীতি,মুক্ত কর অবকাশ,বেসরকারি বিনিয়োগ,সরকারি বিনিয়োগ,A
"মানুষের জন্ম।,কর্মময় জীবন এবং শেষ পরিনতি পরিবারেই সম্পন্ন হয়। এখানে পরিবারের কোন বৈশিষ্ট্য ফুটে উঠেছে?",Social,2,2,পারিবারিক রীতিনীতি,পারিবারিক বন্ধন,জীবনের ধারা,জীবনের পরিনতি,B
সামাজিক বিশৃঙ্খলার চরম রূপকে কী বলা হয়?,Social,2,2,সামাজিক নৈরাজ্য,সামাজিক বিশৃঙ্খলা,সামাজিক ভাঙন,সামাজিক অসংগতি,A
মানসিক রোগীদের সমাজে বসবাসের উপযোগী করে তোলার জন্য কীসের ব্যবস্থা করা হয়?,Social,2,2,পরিকল্পনার,গবেষণার,কাউন্সেলিংয়ের,প্রশিক্ষণের,C
লিংকন তার মায়ের পরিচয়ে পরিচিত। লিংকনের পরিবারটির সাথে মিল রয়েছে কোনটার?,Social,2,2,মারমাদের পরিবার,মুরংদের পরিবার,গারোদের পরিবার,সাঁওতালদের পরিবার,C
কোন দুর্যোগের ফলে মানুষ সামাজিক মর্যাদা হারায়?,Social,2,2,ভূমিকম্প,বন্যা,নদীভাঙন,খরা,C
আমাদের প্রতিবেশী পরিবারের নিরক্ষর শিশুর জন্য আমাদের কর্তব্য কী?;,Social,2,2,অর্থ দিয়ে সাহায্য করা,শিক্ষার সুযোগ করে দেওয়া,শিক্ষার সুফল সম্পর্কে জানানো,জোর করে স্কুলে পাঠানো,B
মানবজীবনের কোন অবস্থাকে এক অযাচিত অথচ অবশ্যম্ভাবী ও অলঙ্ঘনীয় দিক হিসেবে অভিহিত করা হয়?,Social,2,2,দারিদ্র্য অবস্থাকে,শৈশবকালকে,প্রবীণ অবস্থাকে,যৌবন কালকে,C
বর্ধিত পরিবারের প্রথা কোথায় রয়েছে?,Social,2,2,ভারতে,তিব্বতে;,চীনে,আফ্রিকায়,C
কোথায় বাংলাদেশের অধিকাংশ মানুষের সামাজিকীকরণ ঘটে?,Social,2,2,শহুরে পরিবেশে,গ্রামীণ পরিবেশে,পাহাড়ি পরিবেশে,অর্থনৈতিক পরিবেশে,B
গ্রাম ও শহরের পরিবার কাঠামোতে পরিবর্তন হয়েছে কেন?,Social,2,2,পরিবার পরিবর্তনের কারণে,স্থান পরিবর্তনের কারণে,সামাজিক পরিবর্তনের কারণে,নগরায়নের কারণে,C
সমাজের ক্ষুদ্রতম সামাজিক সংগঠন কোনটি?,Social,3,3,সংঘ,সম্প্রদায়,পরিবার,দল,C
কানাডায় বর্তমানে অনেক নৃতাত্ত্বিক জাতিগোষ্ঠীর বসবাস। কিন্তু আদিবাসীরাই একমাত্র বংশপরম্পরায় কানাডাতে বসবাস করছে। কানাডা জাতির ক্ষেত্রে প্রযোজ্য তথ্য - i. বহু বংশজাত জনসমষ্টি; ii. ভৌগোলিক ঐক্য; iii. ইংরেজ ভাষাভাষী জনগোষ্ঠী; নিচের কোনটি সঠিক?,Social,3,3,i ও ii,i ও iii,ii ও iii,"i, ii ও iii",A
"ভূমিকম্পের পর সচেতন ব্যক্তির করণীয়- i. পানি, গ্যাসের লাইন পরীক্ষা করা ii. প্রাথমিক চিকিৎসা দেওয়া iii. লুটতরাজ থেকে সাবধান থাকা নিচের কোনটি সঠিক?",Social,3,3,i ও ii,ii ও iii,i ও iii,"i, ii ও iii",D
ক্লিনিক্যাল সমাজকর্মের আবির্ভাবের যৌক্তিকতা কোনটি?,Social,3,3,রোগীর চিকিৎসা নিশ্চিত করা,রোগীকে অর্থনৈতিকভাবে সহায়তা করা,রোগীর পরিবারকে সহায়তা করা,চিকিৎসা সমাজকর্মকে আরও মজবুত করা,D
শিল্পায়নের ফলে আমাদের সমাজে উদ্ভব হয়েছে- i. নিম্নবিত্ত শ্রেণির ii. উচ্চবিত্ত শ্রেণির iii. মধ্যবিত্ত শ্রেণির নিচের কোনটি সঠিক?,Social,3,3,i ও ii,i ও iii,ii ও iii,"i, ii ও iii",D
এদেশের মানুষের অপুষ্টির কারণ-; i. দারিদ্র্য ii. বেকারত্ব iii. প্রশিক্ষণ নিচের কোনটি সঠিক?,Social,3,3,i ও ii,i ও iii,ii ও iii,"i, ii ও iii",A
নিজের গোত্রের বাইরে বিয়ে করে গঠিত পরিবার কোনটি?,Social,3,3,অন্তর্গোত্রে বিবাহভিত্তিক,বহির্গোত্র বিবাহভিত্তিক,বহুপতি,নয়াবাস,B
"বিশ্ব অলিম্পিকে A দেশের দৌড়বিদ মি. 'ক' বিগত বছরের মত এবারও ১০০ মিটার দৌড়ে স্বর্ণ জয়ের ধারা অব্যাহত রেখেছে। আশির দশকে তার দাদাও স্বর্ণ জয় করেছিল। এবার তার পাশাপাশি তার সহযোগীও সাফল্যের ধারা রক্ষা করেছে। গবেষণা ফলাফলে দেখা যায় যে, তাদের সাফল্যের পিছনে খাদ্যাভ্যাস, জলবায়ু, দক্ষতা ও অনুশীলন গুরুত্বপূর্ণ ভূমিকা রেখেছে। উদ্দীপকে গবেষণা ফলাফল যে উপাদানের প্রভাবকে নির্দেশ করেছে তা হলো- i. ভৌগোলিক ii. জৈবিক iii. সাংস্কৃতিক নিচের কোনটি সঠিক?",Social,3,3,i ও ii,i ও iii,ii ও iii,"i, ii ও iii",D
“পরিবেশ বলতে স্থান ও কালের কোনো নির্দিষ্ট বিন্দুতে মানুষকে ঘিরে থাকা সকল অবস্থার যোগফল বোঝায়”- উক্তিটি কে বলেছেন?,Social,3,3,কার্ল রিটার,পার্ক,ডাডলি স্ট্যাম্প,রিচার্ড হার্ডশোন,B
সমাজকর্মের কোন শাখাটি মানসিক স্বাস্থ্যকেন্দ্রের সাথে প্রত্যক্ষভাবে সংশ্লিষ্ট?,Social,3,3,বিদ্যালয় সমাজকর্ম,শিল্প সমাজকর্ম,ক্লিনিক্যাল সমাজকর্ম,সাইক্রিয়াট্রিক সমাজকর্ম,D
কোন অঞ্চল মানব সভ্যতা বিকাশে বেশি উপযোগী?,Social,3,3,পাহাড়ী অঞ্চল,উষ্ণ অঞ্চল,নাতিশীতোষ্ণ অঞ্চল,শীতল অঞ্চল,C
পরিবার একটি স্থানীয় সামাজিক প্রতিষ্ঠান- i. স্নেহ-মায়া-মমতার ii. সম্প্রীতি ও সহযোগিতার iii. যা স্বল্পস্থায়ী নিচের কোনটি সঠিক?,Social,3,3,i ও ii,i ও iii,ii ও iii,"i, ii ও iii",A
Arthur George Tansley কত সালে ইকোসিস্টেম শব্দটি ব্যবহার করেন?,Social,3,3,1937,1939,1942,1935,D
;খাদ্যে ভেজালের কারণ— i. অধিক মুনাফার লোভ ii. যথার্থ শিক্ষার অভাব iii. নৈতিকতা ও মনুষ্যত্ববোধের অভাব,Social,4,4,i ও ii,i ও iii,i ও iii,"i, ii ও iii",D
বর্তমানে মানুষ বসতি বানাচ্ছে i. খালবিল ভরাট করে ii. বনজঙ্গল কেটে iii. পাহাড়ি ভূমিতে নিচের কোনটি সঠিক?,Social,4,4,i ও ii,i ও iii,ii ও iii,"i, ii ও iii",A
দুর্যোগের ঝুঁকি হ্রাস সম্ভব- i. দুর্যোগবহুল এলাকায় বাস না করা ii. পূর্ব সতর্কীকরণের দ্বারা iii. জনসচেতনতা বৃদ্ধি করে নিচের কোনটি সঠিক?,Social,4,4,i ও ii,i ও iii,ii ও iii,"i, ii ও iii",C
পরিবারের মধ্যে ঘটে- i. সন্তান প্রতিপালন ii. মূল্যবোধ গঠন iii. অধিকার সচেতনতা সৃষ্টি; নিচের কোনটি সঠিক?,Social,4,4,i ও ii,i ও iii,ii ও iii,"i, ii ও iii",D
বাংলাদেশে জনসংখ্যা বৃদ্ধির কারণ হলো- i. নারী শিক্ষার প্রসার ii. জীবনযাত্রার নিম্নমান iii. বাল্যবিবাহ নিচের কোনটি সঠিক?,Social,4,4,i ও  ii,ii ও  iii,i ও  iii,"i, ii ও  iii",B
শহরের সৌন্দর্য বৃদ্ধি করে- i. পার্ক ii. প্রাকৃতিক লেক iii. প্রশস্ত রাজপথ  নিচের কোনটি সঠিক?,Social,4,4,iii,i,"i, ii ও iii",ii,C
কারিমা খাতুন এসএসসি পরীক্ষায় গোল্ডেন 'এ' প্লাস পাওয়ায় সরকার থেকে তাকে বৃত্তি দেওয়া হয়েছে। সরকারের এ কাজের উদ্দেশ্য হল- i. মানবসম্পদ তৈরি করা ii. অর্থসামাজিক উন্নয়নের চালক শক্তি বৃদ্ধি করা iii. কর্মসংস্থান সৃষ্টি করা,Social,4,4,i ও ii,i ও iii,ii ও iii,"i, ii ও iii",A
বাংলাদেশের নারী ;শিক্ষায় সাম্প্রতিক পরিবর্তনের কারণ হলো- i. বিনামূল্যে পাঠ্যপুস্তক বিতরণ ii. মাধ্যমিক স্তর পর্যন্ত অবৈতনিক ;শিক্ষা iii. উপবৃত্তি কার্যক্রমের প্রভাব নিচের কোনটি সঠিক?,Social,4,4,i ও ii,i ও iii,ii ও iii,"i, ii ও iii",D
"জাতি মুক্তিযোদ্ধাদের শ্রদ্ধা করবে, কেননা - i. তাঁরা আমাদের সূর্যসন্তান ii. মৃত্যুকে তুচ্ছজ্ঞান করে তাঁরা যুদ্ধ করেছেন iii. দেশের স্বাধীনতা অর্জনে তাঁদের অবদান সবচেয়ে বেশি নিচের কোনটি সঠিক?",Social,4,4,i ও ii,ii ও iii,i ও iii,"i, ii ও iii",D
উন্নত সাংস্কৃতিক পরিবেশে মানুষের- i. মানবিক গুণাবলি বিকশিত হয় ii. আচার-আচরণ উন্নত হয় iii. মনের প্রসারতা বাড়ে নিচের কোনটি সঠিক?,Social,4,4,i ও ii,i ও iii,ii ও iii,"i, ii ও iii",B
আমাদের দেশের বাবা-মায়েরা তাড়াতাড়ি ছেলেমেয়ের বিবাহ দেয়। এর কারণ হলো-; i. সংসারের অভাব-অনটন ii. তাদের দ্বারা সামাজিক অপরাধ হওয়ার ভয় iii. সমাজের চোখে হেয়প্রতিপন্ন হওয়ার ভয় নিচের কোনটি সঠিক?,Social,4,4,i ও ;ii,i ও ;iii,ii ও ;iii,"i, ii ও iii",C
বাংলাদেশে হাসপাতাল সমাজসেবা কর্মসূচি বাস্তবায়ন করা হয়— i. সমাজকল্যাণ মন্ত্রণালয়ের অধীনে ii. নারী ও শিশু কল্যাণ মন্ত্রণালয়ের অধীনে iii. বিভিন্ন সেবামূলক প্রতিষ্ঠানের মাধ্যমে নিচের কোনটি সঠিক?,Social,4,4,i ও ;ii,i ও ;iii,ii ও ;iii,"i, ii ও iii",B
সমাজে বিভিন্ন ধরনের পরিবার রয়েছে। পরিবারের এই ভিন্নতা হয়- i. অঞ্চলভেদে ii. সমাজভেদে iii. দেশভেদে নিচের কোনটি সঠিক?,Social,4,4,i ও ii,i ও iii,ii ও iii,"i, ii ও iii",C
বর্তমানে যৌথ পরিবার কমে যাওয়ার কারণ- i. . শিল্পায়ন ও নগরায়ন; ii. ভোগবাদী মানসিকতা; iii. ক্ষুদ্র ঋণদান কর্মসূচির অসুবিধা; নিচের কোনটি সঠিক?,Social,4,4,i ও ii,i ও iii,ii ও iii,"i, ii ও iii",A
একজন শিল্প সমাজকর্মী সমাজকর্মের তাত্ত্বিক জ্ঞানের পাশাপাশি অর্জন করেন-; i. শ্রম আইন সম্পর্কিত জ্ঞান ii. কারখানা ব্যবস্থাপনা সংক্রান্ত জ্ঞান; iii. মানসিক স্বাস্থ্য সম্পর্কিত জ্ঞান নিচের কোনটি সঠিক?,Social,4,4,i ও ;ii,i ও ;iii,ii ও ;iii,"i, ii ও iii",A
বিদ্যালয়ে সমাজকর্মের উদ্দেশ্য হচ্ছে- i. শিক্ষার্থীদের উচ্চ শিক্ষা নিশ্চিত করা ii. শিক্ষার্থীদের শিক্ষাপ্রতিষ্ঠানের পরিবেশের সাথে খাপ খাওয়ানো iii. শিক্ষার্থীদের লেখাপড়ার মানোন্নয়ন সাধন করা; নিচের কোনটি সঠিক?,Social,4,4,i ও ;ii,i ও ;iii,ii ও ;iii,"i, ii ও iii",D
হযরত মুহাম্মদ (স.)-এর ঘোষণায় যাকাতের মাধ্যমে বজায় থাকে – i. সামাজিক প্রগতি ii. সামাজিক সমন্বয় iii. সামাজিক সংহতি নিচের কোনটি সঠিক?,Social,4,4,i ও  ii,i ও  iii,ii ও  iii,"i, ii ও iii",C
নাজমুল যমুনা নদীর তীরে বসবাস করে। সে ঢাকা বিশ্ববিদ্যালয়ের জহুরুল হক হলের আবাসিক ছাত্র। প্রতিবছর সে আন্তঃহল ক্রীড়া প্রতিযোগিতায় সাঁতারে প্রথম হয়। উক্ত উপাদানটি প্রভাব বিস্তার করে- i. সভ্যতা বিকাশের ক্ষেত্রে ii. পেশা নির্ধারণের ক্ষেত্রে iii. বুদ্ধিবৃত্তি বিকাশের ক্ষেত্রে নিচের কোনটি সঠিক?,Social,4,4,i ও ii,i ও iii,ii ও iii,"i, ii ও iii",A
মানুষের জীবন-জীবিকায় পরিবর্তন আনে- i. দীর্ঘস্থায়ী বন্যা ii. নদনদীর ভাঙন iii. প্রযুক্তি নিচের কোনটি সঠিক?,Social,4,4,i ও ii,i ও iii,ii ও iii,"i, ii ও iii",A
আমাদের জন্য অপরিহার্য দ্রব্য হল- i.অন্ন iiবস্ত্র iiবাসস্থান নিচের কোনটি সঠিক?,Social,4,4,i ও ii,i ও iii,ii ও iii,"i, ii ও iii",D
বাংলাদেশে খাসিয়া ও গারোদের পরিবার কেমন?,Social,1,1,মাতৃসূত্রীয় পরিবার;,পিতৃসূত্রীয় পরিবার,পিতৃপ্রধান পরিবার,মাতৃবাস পরিবার,A
পরিবার একটি বিশ্বজনীন প্রতিষ্ঠান।' বাক্যটি দ্বারা কী বুঝানো হয়েছে?,Social,2,2,পরিবার হতে সমাজের সৃষ্টি হয়েছে,পরিবারের মাধ্যমে বিশ্ব সৃষ্টি হয়েছে,পরিবার হতে গোষ্ঠীর সৃষ্টি হয়েছে,বিশ্বের সকল সমাজেই পরিবার স্বীকৃত,D
সনাতন সমাজকল্যাণ ব্যবস্থার মূল চালিকাশক্তি কোনটি?,Social,1,1,ধর্ম ও নৈতিক শিক্ষা,ধর্ম ও মানবতাবোধ,পরোপকারিতা ও সহযোগিতা,শান্তি ও জনকল্যাণমুখিতা,B
আমাদের প্রতিবেশী পরিবারের নিরক্ষর শিশুর জন্য আমাদের কর্তব্য কী?;,Social,2,2,অর্থ দিয়ে সাহায্য করা,শিক্ষার সুযোগ করে দেওয়া,শিক্ষার সুফল সম্পর্কে জানানো,জোর করে স্কুলে পাঠানো,B
মোঃ জাকির হোসেন একজন স্কুল শিক্ষক। তিনি স্থানীয় কিছু যুবকদের সংগঠিত করে গ্রামের অব্যবহৃত কয়েকটি জলাশয় পরিষ্কার পরিচ্ছন্ন করে মাছ ও বৃক্ষরোপণ করেছেন। ফলে গ্রামীণ যুবকদের কর্মসংস্থান হয়েছে। উক্ত প্রত্যয়ের মাধ্যমে যুবকেরা- i. সংগঠিত হয় ii. নেতৃত্বের বিকাশ হয় iii. ব্যক্তিত্বের সংঘাত সৃষ্টি হয় নিচের কোনটি সঠিক?,Social,4,3,i ও ii,i ও iii,ii ও iii,"i, ii ও iii",A
কোনটি নারীকে কর্মমুখী করেছে?;,Social,1,2,কর্মসংস্থান;,নারীশিক্ষা,বাল্য বিবাহরোধ,মূল্যবোধ;,B
;খাদ্যে ভেজালের কারণ— i. অধিক মুনাফার লোভ ii. যথার্থ শিক্ষার অভাব iii. নৈতিকতা ও মনুষ্যত্ববোধের অভাব,Social,4,4,i ও ii,i ও iii,i ও iii,"i, ii ও iii",D
বাংলাদেশে জনসংখ্যা বৃদ্ধির কারণ হলো- i. নারী শিক্ষার প্রসার ii. জীবনযাত্রার নিম্নমান iii. বাল্যবিবাহ নিচের কোনটি সঠিক?,Social,4,4,i ও  ii,ii ও  iii,i ও  iii,"i, ii ও  iii",B
জৈবিক বিচণীভবন সংঘটিত হয়- i. উদ্ভিদের দ্বারা ii. জীবজন্তুর দ্বারা iii. মানুষের দ্বারা নিচের কোনটি সঠিক?,Social,1,3,i ও ii,i ও iii,ii ও iii,"i, ii ও iii",D
কমিউনিটি ক্লিনিকসমূহে প্রদান করা হয়-; i. পরিবার কল্যাণ সেবা ii. পুষ্টি সেবা iii. স্বাস্থ্যসেবা নিচের কোনটি সঠিক?,Social,3,4,i ও ii,i ও iii,ii ও iii,"i, ii ও iii",D
দেশের সম্পদ ও সম্ভাবনা কাজে লাগিয়ে সার্বিক আর্থসামাজিক সমৃদ্ধি ও বিকাশ সাধনকে কী বলে?,Social,2,2,অর্থনৈতিক উন্নয়ন,অর্থনৈতিক সমৃদ্ধি,অর্থনীতির দিকনির্দেশনা,অর্থনৈতিক প্রবৃদ্ধি,A
দুর্যোগের ঝুঁকি হ্রাস সম্ভব- i. দুর্যোগবহুল এলাকায় বাস না করা ii. পূর্ব সতর্কীকরণের দ্বারা iii. জনসচেতনতা বৃদ্ধি করে নিচের কোনটি সঠিক?,Social,4,4,i ও ii,i ও iii,ii ও iii,"i, ii ও iii",C
২০১১ সালের আদমশুমারী অনুযায়ী বাংলাদেশের সাক্ষরতার হার-,Social,2,3,43.70%,49.70%,51.80%,59.80%,B
বর্তমান পৃথিবীতে সংগঠিত উন্নয়নের ধরণ হলো -,Social,1,3,ভারসাম্যপূর্ণ,সুশৃঙ্খল,সামঞ্জস্যপূর্ণ,ভারসাম্যহীন,D
শিক্ষা কোন ধরনের প্রক্রিয়া?,Social,1,1,সামাজিক;,রাজনৈতিক;,গতিহীন,বিরামহীন,D
গ্রামে কোন ধরনের পরিবার দেখা যায়?;,Social,1,1,একপত্নী,বহুপত্নী,একক,যৌথ,D
আমাদের জন্য অপরিহার্য দ্রব্য হল- i.অন্ন iiবস্ত্র iiবাসস্থান নিচের কোনটি সঠিক?,Social,4,4,i ও ii,i ও iii,ii ও iii,"i, ii ও iii",D
শাসন বিভাগের অপর নাম কী?,Politics,1,1,প্রশাসনিক বিভাগ,প্রধান বিভাগ,নির্বাহী বিভাগ,আন্তঃপ্রধান বিভাগ,C
সরকার কত কিলোমিটার দীর্ঘ এলিভেটেড এক্সপ্রেস নির্মাণের উদ্যোগ নিয়েছে?,Politics,1,1,26,30,35,46,A
বাংলাদেশ জাতিসংঘের কততম সদস্য?,Politics,1,1,138,136,135,140,B
স্থানীয় প্রশাসনের মূল কাজ কোনটি?;,Politics,1,1,স্থানীয় প্রশাসনের বৃদ্ধি,স্থানীয় পর্যায়ে জবাবদিহিতা নিশ্চিত করা,কেন্দ্রীয় সরকারের নির্দেশ বাস্তবায়ন,দেশের শান্তি-শৃঙ্খলা রক্ষা করা,C
সংবিধানকে কী বলা হয়?,Politics,1,1,রাষ্ট্রের সম্পত্তি,জনগণের বিষয়,কাল্পনিক কাহিনী,রাষ্ট্রের দর্পণ,D
কোনটি ব্যতীত স্বাধীনতা কল্পনা করা যায় না?,Politics,1,1,গণতন্ত্র,সাম্য,জনগণ,আইন,B
বাংলাদেশে কোন ধরনের সংবিধান বিদ্যমান?;,Politics,1,1,লিখিত,অলিখিত,চুক্তির ভিত্তিতে রচিত,বিপ্লবের মাধ্যমে রচিত,A
সংবিধানের কত অনুচ্ছেদ অনুসারে বাংলাদেশ কর্মকমিশন গঠিত হয়েছে?,Politics,1,1,137,127,131,121,A
পরিবার-পরিকল্পনা মন্ত্রণালয়কে অধিক হারে কী নিয়োগ করতে হবে?;,Politics,1,1,মাঠকর্মী,চিকিৎসক,নার্স,বুদ্ধিজীবী,A
কোনটি সমাজতান্ত্রিক রাষ্ট্র?,Politics,1,1,বাংলাদেশ,ব্রিটেন,ভারত,কিউবা,D
পৌর এলাকায় কিসের অনুমোদিত পরিকল্পনা অনুযায়ী দালানকোঠা নির্মাণ করতে হয়?,Politics,1,1,জেলা পরিষদের,উপজেলা পরিষদের,পৌরসভার,ইউনিয়ন পরিষদের,C
রাষ্ট্রপতি সংসদ অহ্বান করলেও সংবিধান লঙ্ঘন ও গুরুতর অপরাধের কারণে সংসদ রাষ্ট্রপতিকে অপসারণ করতে পারে। এক্ষেত্রে কোনটি পরিলক্ষিত হয়?,Politics,1,1,আইন বিভাগের উপর শাসন বিভাগের ক্ষমতা,শাসন বিভাগের উপর আইন বিভাগের ক্ষমতা,আইন বিভাগের উপর বিচার বিভাগের ক্ষমতা,আইন বিভাগের উপর বিচার বিভাগের ক্ষমতা,B
সংসদীয় সরকার ব্যবস্থায় কোন পদটি নিয়মতান্ত্রিক?;,Politics,1,1,প্রধানমন্ত্রী;,রাষ্ট্রপতি,প্রধান বিচারপতি,স্পিকার,B
আমেরিকা যুক্তরাষ্ট্রের রাষ্ট্রপতি নির্বাচন কোন ধরনের নির্বাচন?,Politics,1,1,প্রত্যক্ষ,সরাসরি,পরোক্ষ,উত্তম,C
সরকারের প্রধান লক্ষ্য কী?,Politics,1,1,কঠোর অনুশাসন,জনকল্যাণ সুনিশ্চিত,নৈতিকতা,বিদ্রোহ দমন,B
ভোট প্রদান কোন ধরনের অধিকার?,Politics,1,1,সামাজিক,রাজনৈতিক,অর্থনৈতিক,নৈতিক,B
কোনটি নাগরিকের বড় গুণ?,Politics,1,1,সচেতনতা,অসচেতনতা,কর্তব্যহীনতা,দুর্নীতিগ্রস্থ,A
রাষ্ট্র কীভাবে তার মূল কার্য সম্পন্ন করে?,Politics,1,1,সমাজের মাধ্যমে,সরকারের মাধ্যমে,জনগণের মাধ্যমে,মন্ত্রণালয়ের মাধ্যমে,B
খসড়া সংবিধান প্রণয়ন কমিটির একমাত্র মহিলা সদস্য কে ছিলেন?,Politics,1,1,রাজিয়া বানু,আনোয়ারা বেগম,নুরজাহান মোরশেদ,বদরুন্নেসা আহমেদ,A
বাংলাদেশে সর্বমোট কতটি ইউনিয়ন পরিষদ রয়েছে?,Politics,1,1,"৪,৪৬৮টি","৪,৪৬৬টি","৪,৪৬৪টি","৪,৪৬২টি",B
বাংলাদেশের জাতীয় সংসদে নির্বাচন অনুষ্ঠানের দায়িত্ব কার?,Politics,2,2,সরকারের,নির্বাচন কমিশনের,রাজনৈতিক দলের,তত্ত্বাবধায়ক সরকারের,B
রাজনৈতিক শিক্ষা বলতে বোঝায়--,Politics,2,2,জনগণের রাজনৈতিক সচেতনতা,জনগণের রাজনৈতিক সচেতনতা,নেতৃত্বের সচেতনতার শিক্ষা,ঐক্যবদ্ধ হওয়ার শিক্ষা,A
পৃথিবীর বিভিন্ন দেশের সরকারব্যবস্থায় কয়টি বিভাগ রয়েছে?;,Politics,2,2,3,4,5,7,A
গণতান্ত্রিক শাসন ব্যবস্থায় কোনটির ভূমিকা বেশি গুরুত্বপুর্ণ?,Politics,2,2,চাপসৃষ্টিকারী গোষ্ঠী,রাজনৈতিক দল,উপদল,কুচক্রী দল,B
গণতান্ত্রিক শাসনব্যবস্থায় কীভাবে রাষ্ট্রের শাসনভার গ্রহণ ও রাজনৈতিক কর্তৃত্ব প্রতিষ্ঠা করা হয়?,Politics,2,2,জনমত গঠনের মাধ্যমে,দলীয় আদর্শ প্রচারের মাধ্যমে,ভোটাধিকার প্রয়োগের মাধ্যমে,বৈধ ও নিয়মমাফিক নির্বাচনের মাধ্যমে,D
কেন্দ্রীয় প্রশাসনের নির্দেশনা উপজেলা প্রশাসনে কোন প্রশাসনের মাধ্যম হয়ে আসে?,Politics,2,2,যোগাযোগ মন্ত্রণালয়,জেলা প্রশাসন,বিভাগীয় প্রশাসন,পৌর প্রশাসন,B
"বন্যা, খরা, ঘূর্ণিঝড় ইত্যাদি দুর্যোগ মোকাবিলায় সরকারকে কোন ব্যয় করতে হয়?",Politics,2,2,স্বাস্থ্য ও পরিবার কল্যাণ,সমাজকল্যাণমূলক,অপ্রত্যাশিত,অন্যান্য খাতভুক্ত,C
পাকিস্তানের প্রশাসনিক ক্ষেত্রে মূল চালিকাশক্তি ছিল কারা?,Politics,2,2,সেনাবাহিনী,সামরিক কর্মকর্তাগণ,পুলিশবাহিনী,সিভিল সার্ভিস কর্মকর্তাগণ,B
ক্ষমতার বৈধতা' বলতে কী বুঝায়?,Politics,2,2,নির্দিষ্ট কর্মপদ্ধতির নিয়মকানুন,সাংবিধানিক উপায়ে ক্ষমতা হস্তান্তর,প্রশিক্ষণ দ্বারা কর্মীর দক্ষতা বৃদ্ধি,প্রতিষ্ঠানে ব্যক্তি বিশেষকে সুবিধা প্রদান,B
ক্ষমতা বণ্টন নীতির ভিত্তিতে রাষ্ট্রকে কয়ভাগে ভাগ করা হয়?,Politics,2,2,2,3,4,5,A
রাস্তা বা সড়কের ওপর নির্বাচনি ক্যাম্প স্থাপন করা যাবে না কেন?,Politics,2,2,সংবিধান লঙ্ঘন হয় বলে,মানবাধিকারের প্রতি হস্তক্ষেপ বলে,সৌন্দর্যহানি ঘটে বলে,চলাচলে বিঘ্ন হতে পারে বলে,D
কে মূলত বাংলাদেশ সরকারের রাজস্ব বিষয়ক কর্মকর্তা?,Politics,2,2,জেলা প্রশাসক,মেয়র,বিভাগীয় কমিশনার,রাজস্ব কর্মকর্তা,C
কোন নীতি/পদ্ধতির কারণে দ্বৈত নাগরিকতা সৃষ্টি হয়?,Politics,2,2,আবেদনসূত্র,জন্মসূত্র,গণতান্ত্রিক,সমাজতান্ত্রিক,B
দ্বৈতশাসন ব্যর্থতায় পর্যবসিত হয়। এর প্রমাণস্বরূপ কোন বিষয়টি যথার্থ?,Politics,2,2,অর্থনৈতিক অবস্থা ভেঙে পড়া,প্রশাসনিক জটিলতা সৃষ্টি,ফরাসিদের চাপ,হল্যান্ডে অর্থ পাচার,B
রাজনৈতিক দলের কর্মসূচি কীরূপ হয়?;,Politics,2,2,উচ্চাকাক্সক্ষী,ধর্মনিরপেক্ষ,সুনির্দিষ্ট,কূটনৈতিক,C
কোন ধরনের সংবিধান পরিবর্তিত সমাজের সাথে তাল মিলিয়ে চলতে অক্ষম?,Politics,2,2,অলিখিত,সুপরিবর্তনীয়,লিখিত,প্রথানির্ভর,C
২০০৫ সাল পর্যন্ত কোন দেশের সরকার কর্তৃক রাজনৈতিক দল নিষিদ্ধ ছিল?;,Politics,2,2,উগান্ডা,কিউবা,কুয়েত,সৌদি আরব,A
কোন ধরনের শাসনব্যবস্থায় বিরোধী দলের ভূমিকা অত্যন্ত গুরুত্বপূর্ণ?,Politics,2,2,রাজতান্ত্রিক,সমাজতান্ত্রিক,স্বৈরতান্ত্রিক,গণতান্ত্রিক,D
কমনওয়েলথের সদস্য হিসাবে বাংলাদেশ কোন সংস্থার সদস্য?,Politics,2,2,সিয়াটো,কলম্বো পরিকল্পনা,আনজুস,ইউরোপিয়ান ইউনিয়ন,B
লিখিত সংবিধান যুক্তরাষ্ট্রীয় সরকারব্যবস্থার উপযোগী। এর যথার্থ কারণ কী?,Politics,2,2,ক্ষমতা বণ্টন করে দেওয়া হয়,প্রগতির সহায়ক,জরুরি প্রয়োজনে সহায়ক,সহজে পরিবর্তনীয়,A
প্রাচীন গ্রিসের নগর রাষ্ট্রে কারা নাগরিক হিসেবে পরিচিত ছিল?;,Politics,3,3,যারা প্রত্যক্ষভাবে রাষ্ট্রীয় কাজে অংশগ্রহণ করত,যারা কৃষিকাজ করত,যারা ব্যবসা করত,যারা ধর্মীয় কাজ করত,A
অনুমোদন সূত্রে নাগরিকতা অর্জনে যে শর্ত পালন করতে হয়- i. ভোটদান ii. সরকারি চাকরি গ্রহণ iii. সম্পত্তি ক্রয় নিচের কোনটি সঠিক?,Politics,3,3,i ও ii,i ও iii,ii ও iii,"i, ii ও iii",C
বাংলাদেশের সাথে বাণিজ্য সম্পর্ক আছে কিন্তু কূটনৈতিক সম্পর্ক নেই -,Politics,3,3,ইসরাইল,তাইওয়ান,দক্ষিণ আফ্রিকা,হাইতি,B
জেলা প্রশাসকের শাসন সংক্রান্ত কাজ হলো- i. সরকারি দপ্তরের কাজ তদারকি করা ii. সরকারি নীতি নির্ধারণ করা iii. কর আদায় করা নিচের কোনটি সঠিক?,Politics,3,3,i ও ii,i ও iii,ii ও iii,"i, ii ও iii",A
নির্বাহী কর্তৃপক্ষ নির্বাচন কমিশনের জন্য কিরূপ কাজ করে?,Politics,3,3,বিরোধিতামূলক,প্রতিযোগিতামূলক,সহায়তামূলক,উদ্দেশ্যমূলক,C
দেশ পরিচালনার জন্য নাগরিকবৃন্দ কর্তৃক বিভিন্ন দলের প্রার্থীদের মধ্য থেকে প্রতিনিধি বাছাইকে কী বলে?,Politics,3,3,নির্বাচন,গণতন্ত্র,রাজতন্ত্র,নির্বাচক,A
জনসমষ্টি নির্দিষ্ট ভূখন্ডের ওপর যেভাবে নিয়ন্ত্রণ প্রতিষ্ঠা করে - i. জাতীয়তাবাদী আন্দোলনের মাধ্যমে ii. সংগ্রাম ও যুদ্ধের মাধ্যমে iii. সাংবিধানিকভাবে নিচের কোনটি সঠিক?,Politics,3,3,i ও ii,ii ও iii,i ও iii,"i, ii ও iii",D
নির্বাচন একটি গুরুত্বপূর্ণ বিষয়-; i. গণতন্ত্রে ii. রাজতন্ত্রে iii. একনায়কতন্ত্রে নিচের কোনটি সঠিক?,Politics,3,3,i ও ;ii,i ও ;iii,ii ও ;iii,"i, ii ও iii",B
কোনটি রাষ্ট্রীয় অর্থ নিয়ন্ত্রণকারী?,Politics,3,3,মন্ত্রিসভা;,আইনসভা;,শাসন বিভাগ,বিচার বিভাগ,B
দ্বিকক্ষবিশিষ্ট আইনসভায় কোন ধরনের পরিষদ থাকে?,Politics,3,3,উচ্চ ও মধ্য,উচ্চ ও নিম্ন,নিম্ন ও মধ্য,বড় ও ছোট,B
বাংলাদেশের স্থানীয় স্বায়ত্তশাসিত প্রতিষ্ঠানগুলো হচ্ছে- i. ইউনিয়ন পরিষদ ii. উপজেলা পরিষদ iii. জেলা প্রশাসন নিচের কোনটি সঠিক?,Politics,3,3,i ও ii,i ও iii,ii ও iii,"i, ii ও iii",A
বাংলাদেশে স্থানীয় সরকারের শাসন-কাঠামো রূপ লাভ করে কখন থেকে?;,Politics,3,3,মুঘল আমল,পাল আমল,তুর্কি আমল,সুলতানি আমল,A
যদি বাংলাদেশে একটি সময় পর্যন্ত রাজনৈতিক দলের অংশগ্রহণ নিষিদ্ধ থাকত তবে কোন দেশের সাথে একে তুলনা করা যেত?;,Politics,3,3,সৌদি আরব,উগান্ডা,লিবিয়া,ভারত,B
বঙ্গবন্ধুর সরকারের পররাষ্ট্রনীতি ক্ষেত্রে সাফল্য হলো - i. মুক্তিযুদ্ধে ক্ষতিগ্রস্ত পরিবারদের সাহায্য দান ii. ১৪০টি দেশের স্বীকৃতি আদায় iii. পররাষ্ট্র নীতি নির্ধারণ নিচের কোনটি সঠিক?,Politics,3,3,i ও ii,ii ও iii,i ও iii,"i, ii ও iii",B
আইনের অনুশাসন বলতে প্রধান কয়টি ধারণাকে বুঝায়?,Politics,3,3,দুইটি,তিনটি,চারটি,পাঁচটি,B
১৯৩৫ সালের ভারত শাসন আইনের বিশেষ দিক কোনটি?,Politics,3,3,যুক্ত নির্বাচন,যুক্তরাষ্ট্র ঘোষণা,স্বায়ত্তশাসন,ভারত বিভক্তি,C
"গণতান্ত্রিক নির্বাচনের মাধ্যমে অজ্ঞ, অযোগ্য ও দুর্নীতিগ্রস্ত ব্যক্তিও শাসন ক্ষমতায় অধিষ্ঠিত হওয়ার কারণ কী?",Politics,3,3,নাগরিকের অসচেতনতা,সংখ্যালঘিষ্ঠের শাসন,সংখ্যাগরিষ্ঠের শাসন,নাগরিকের অজ্ঞতা,C
বাংলাদেশ সংবিধানের কত অনুচ্ছেদে স্থানীয় শাসনের কথা বলা হয়েছে?,Politics,3,3,প্রথম,দ্বিতীয়,তৃতীয়,চতুর্থ,D
"অন্নহীনে অন্ন দান, আর্তের সেবা করা, দানশীলতা এগুলো কোনটির সাথে সাদৃশ্যপূর্ণ?",Politics,3,3,আধুনিক সমাজকর্ম,সনাতন সমাজকর্ম,ধর্মীয় মূল্যবোধ,সাংগঠনিক কার্যাবলি,B
চৌকিদার পঞ্চায়েত আইন ১৮৭০ এ কত সদস্যবিশিষ্ট একটি কর্তৃপক্ষের মাধ্যমে উন্নয়নমূলক কাজ পরিচালনা করা হত?;,Politics,3,3,3,4,5,6,C
নির্বাচন কমিশন নির্বাচন পরিচালনা করে- i. নিরপেক্ষভাবে ii. স্বাধীনভাবে iii. স্বতন্ত্রভাবে নিচের কোনটি সঠিক?,Politics,4,4,i ও ii,i ও iii,ii ও iii,"i, ii ও iii",D
পৌরসভার সমাজকল্যাণ সংক্রান্ত কাজ হচ্ছে- i. মাতৃসদন প্রতিষ্ঠা ii. কল্যাণকেন্দ্র স্থাপন iii. এতিমখানা স্থাপন নিচের কোনটি সঠিক?,Politics,4,4,i ও ii,i ও iii,ii ও iii,"i, ii ও iii",C
মৌলিক অধিকারের বৈশিষ্ট্য হল- i. নাগরিক জীবনের বিকাশ ও ব্যপ্তির জন্য অপরিহার্য শর্ত ii. সংবিধান হতে প্রাপ্ত iii. আদালত কর্তৃক বলবৎযোগ্য নয়,Politics,4,4,i ও ii,ii ও iii,i ও iii,"i, ii ও iii",C
বাংলাদেশি জাতীয়তাবাদের উপাদান হলো- i. ভৌগোলিক ঐক্য ii. ইতিহাস ও ঐতিহ্যগত ঐক্য iii. ধর্মগত ঐক্য নিচের কোনটি সঠিক?,Politics,4,4,i ও ii,i ও iii,ii ও iii,"i, ii ও iii",A
সার্কের প্রাতিষ্ঠানিক কাঠামোর স্তরগুলো হলো-; i. সার্ক সচিবালয় ii. পররাষ্ট্রমন্ত্রীদের সম্মেলন iii. রাষ্ট্র ও সরকার প্রধানদের শীর্ষ সম্মেলন নিচের কোনটি সঠিক?,Politics,4,4,i ও ;ii,i ও ;iii,ii ও ;iii,"i, ii ও iii",D
জেলা প্রশাসক যে কাজ করে থাকেন-  i. ভূমি উন্নয়ন ii. ভূমি রেজিস্ট্রেশন iii. রাজস্ব সংক্রান্ত বিবাদ মীমাংসা নিচের কোনটি সঠিক?,Politics,4,4,i ও ii,i ও iii,ii ও iii,"i, ii ও iii",D
স্থানীয় সরকারব্যবস্থার ক্ষেত্রে সঠিক তথ্য হলো- i. কেন্দ্রীয় নিয়ন্ত্রণ থেকে সম্পূর্ণ স্বাধীন ii. কেন্দ্রীয় নিয়ন্ত্রণ থেকে সম্পূর্ণ স্বাধীন নয় iii. অনেক ক্ষেত্রে স্বাধীনতা ভোগ করে নিচের কোনটি সঠিক?,Politics,4,4,i ও ii,i ও iii,ii ও iii,"i, ii ও iii",C
সংসদের অপসারণ করার ক্ষমতা রয়েছে- i. স্পিকারকে ii. ডেপুটি স্পিকারকে iii. ন্যায়পালকে নিচের কোনটি সঠিক?,Politics,4,4,i ও ii,i ও iii,ii ও iii,"i, ii ও iii",D
সুশাসনের মাধ্যমে দূর করা সম্ভব- i. গোঁড়ামি  ii. কূপমন্ডুকতা  iii.কুসংস্কার  নিচের কোনটি সঠিক?,Politics,4,4,i ও ii,i ও iii,ii ও iii,"i, ii ও iii",D
শাসন বিভাগ যেসব কাজ করে সেগুলো হলো- i. আইনশৃঙ্খলা রক্ষা ii. আইন প্রণয়ন iii. রাষ্ট্রের সার্বিক সিদ্ধান্ত গ্রহণ নিচের কোনটি সঠিক?,Politics,4,4,i ও ii,i ও iii,ii ও iii,"i, ii ও iii",B
বঙ্গবন্ধুর নেতৃত্বে আওয়ামী লীগ সরকারের অবদান হলো- i. প্রশাসনিক ব্যবস্থার উন্নয়ন ii. জাতিসংঘের সদস্যপদ প্রাপ্তি iii. সার্কের সদস্যপদ লাভ নিচের কোনটি সঠিক?,Politics,4,4,i ও ii,i ও iii,ii ও iii,"i, ii ও iii",A
প্রধানমন্ত্রীর পরামর্শ ও মতামত অনুযায়ী পরিচালিত হয়- i. বিচারবিষয়ক কাজ ii. অর্থবিষয়ক কাজ iii. পররাষ্ট্রবিষয়ক কাজ নিচের কোনটি সঠিক?,Politics,4,4,i ও ii,i ও iii,ii ও iii,"i, ii ও iii",D
প্রাচীন গ্রিসের নগর রাষ্ট্রে নাগরিক ছিল না- i. নারী ii. পুরুষ iii. গৃহভৃত্য নিচের কোনটি সঠিক?,Politics,4,4,i ও ii,i ও iii,ii ও iii,"i, ii ও iii",B
অধিকার ভোগের জন্য প্রয়োজন-  i. সততার সাথে ভোটদান ii. কর প্রদান করা iii. দেশ ভ্রমণ করা নিচের কোনটি সঠিক?,Politics,4,4,i ও ii,i ও iii,ii ও iii,"i, ii ও iii",A
একটি দেশের অর্থনৈতিক প্রবৃদ্ধি বলতে বোঝায়  i. দ্রব্য উৎপাদনের পরিমাণগত বৃদ্ধিকে ii. দ্রব্য বিনিয়োগের পরিমাণগত বৃদ্ধিকে  iii. সেবা উৎপাদনের পরিমাণগত বৃদ্ধিকে নিচের কোনটি সঠিক?,Politics,4,4,i ও  ii,i ও  iii,ii ও  iii,"i, ii ও  iii",B
শহরভিত্তিক স্থানীয় সরকারের মধ্যে রয়েছে- i. পৌরসভা ii. সিটি কর্পোরেশন iii. উপজেলা পরিষদ নিচের কোনটি সঠিক?,Politics,4,4,i ও ;ii,i ও ;iii,ii ও ;iii,"i, ii ও iii",A
বিভাগীয় প্রশাসন যে ধরনের কাজ করে থাকে-  i. উন্নয়নমূলক ii. ভূমি রাজস্ব আদায় iii. বিচার সংক্রান্ত নিচের কোনটি সঠিক?,Politics,4,4,i ও ii,i ও iii,ii ও iii,"i, ii ও iii",A
লিখিত সংবিধানের যে ধরনের বৈশিষ্ট্য রয়েছে-  i. প্রগতির অন্তরায় ii. যুক্তরাষ্ট্রীয় সরকারব্যবস্থার উপযোগী iii. জরুরি প্রয়োজনে সহায়ক নিচের কোনটি সঠিক?,Politics,4,4,i ও ii,i ও iii,ii ও iii,"i, ii ও iii",A
মন্ত্রী হলেন একজন- i. প্রধান নির্বাহী কর্মকর্তা ii. রাজনৈতিক ব্যক্তি iii. মন্ত্রণালয়ের প্রধান নিচের কোনটি সঠিক?,Politics,4,4,i ও ii,i ও iii,ii ও iii,"i, ii ও iii",C
সংবিধান সংশোধনের মাধ্যমে সুশাসন প্রতিষ্ঠার পদক্ষেপ হিসেবে বিবেচনা করা যায়- i. সাম্প্রদায়িকতার বিলোপ ii. রাজনৈতিক উদ্দেশ্যে ধর্মের অপব্যবহার রোধ iii. বিশেষ ধর্ম পালনকারী ব্যক্তির প্রতি বৈষম্য সৃষ্টি,Politics,4,4,i ও ii;,ii ও iii,i ও iii;,"i, ii ও iii;",A
প্রতিষ্ঠালগ্নে আওয়ামী মুসলিম লীগের দাবিগুলো ছিল- ;; i. স্বায়ত্তশাসন ii. জনগণের সার্বভৌমত্ব iii. বাংলাকে অন্যতম রাষ্ট্র ভাষার মর্যাদা দান নিচের কোনটি সঠিক?,Politics,5,5,i ও ii,i ও iii,ii ও iii,"i, ii ও iii",D
নির্বাচন কমিশন নির্বাচন পরিচালনার জন্য নিয়োগ করে- i. রিটার্নিং অফিসার ii. পোলিং অফিসার iii. জেলা প্রশাসক নিচের কোনটি সঠিক?,Politics,5,5,i ও ii,i ও iii,ii ও iii,"i, ii ও iii",A
স্থানীয় প্রশাসনের মুখ্য উদ্দেশ্য হচ্ছে কেন্দ্রীয় সরকারের পক্ষে- i. আইনশৃঙ্খলা রক্ষা ii. রাজস্ব আদায় iii. সরকারি সিদ্ধান্ত বাস্তবায়ন নিচের কোনটি সঠিক?,Politics,5,5,i ও ii,i ও iii,ii ও iii,"i, ii ও iii",D
মার্কিন যুক্তরাষ্ট্রে কোন জাতীয় সরকার প্রচলিত?;,Politics,3,2,সংসদীয়;,রাষ্ট্রপতি শাসিত,সমাজতান্ত্রিক;,মিশ্র নীতির,B
স্থানীয় প্রশাসনের মূল কাজ কোনটি?;,Politics,1,1,স্থানীয় প্রশাসনের বৃদ্ধি,স্থানীয় পর্যায়ে জবাবদিহিতা নিশ্চিত করা,কেন্দ্রীয় সরকারের নির্দেশ বাস্তবায়ন,দেশের শান্তি-শৃঙ্খলা রক্ষা করা,C
’জাতীয়তা এক প্রকার মানসিক ধারণা’- কথাটি কে বলেছেন?,Politics,3,2,রেঁনান,লর্ড ব্রাইস,জিন্সবার্গ,লাস্কি,D
কত সালে উপজেলা পরিষদ আইন পাস হয়?,Politics,3,1,1983,1998,2009,2012,C
সংশোধনের ভিত্তিতে সংবিধান কত প্রকার?;,Politics,2,2,2,3,4,5,A
যুদ্ধ ঘোষণা ও আন্তর্জাতিক চুক্তি অনুমোদন করার ক্ষমতা কার আছে?,Politics,3,3,প্রধানমন্ত্রীর,রাষ্ট্রপতির,জাতীয় সংসদের,মন্ত্রিসভার,C
সরকারের কোনো ভুল হলে বিরোধী দলের প্রধান কাজ কী?,Politics,2,2,হরতাল ডাকা,বিশৃঙ্খলা করা,গঠনমূলক সমালোচনা করা,সরকারকে পদত্যাগে বাধ্য করা,C
